N,P,K,temperature,humidity,ph,rainfall,label
89,19,53,28.66,93.08,6.47,23.92,muskmelon
92,12,52,25.62,88.43,6.76,40.87,watermelon
39,68,47,35.87,94.93,6.94,240.88,papaya
58,46,45,25.72,91.26,6.71,142.36,papaya
25,137,203,23.78,93.04,5.75,118.48,apple
20,33,27,29.92,48.34,5.54,91.82,mango
32,135,198,21.3,94.17,6.26,106.58,apple
10,53,22,28.98,64.75,5.53,45.2,mothbeans
30,58,25,30.6,82.87,7.32,45.98,mungbean
21,72,22,22.4,62.66,5.58,46.83,lentil
38,65,24,27.44,69.67,7.46,63.71,blackgram
29,20,32,28.81,92.63,5.57,130.19,coconut
37,10,38,21.58,94.41,5.57,100.28,pomegranate
72,49,37,26.27,72.21,7.24,180.14,jute
22,15,32,29.98,99.38,5.51,218.54,coconut
39,9,38,19.29,90.77,5.73,100.34,pomegranate
26,121,204,20.79,90.13,5.52,112.45,apple
65,52,19,19.8,64.83,5.6,89.1,maize
63,59,51,42.54,92.14,6.67,245.22,papaya
90,16,54,27.71,94.54,6.31,29.76,muskmelon
111,19,26,26.75,56.1,7.43,185.72,coffee
66,66,47,36.11,90.36,6.92,76.65,papaya
14,6,11,28.91,90.55,7.26,111.11,orange
59,69,50,42.19,94.84,6.92,105.05,papaya
40,58,80,18.82,20.75,6.2,79.65,chickpea
79,54,44,26.86,76.49,7.2,160.53,jute
29,56,15,29.49,86.89,6.38,51.16,mungbean
22,17,13,16.56,91.23,7.45,100.16,orange
40,63,22,33.33,64.32,7.49,116.56,pigeonpeas
96,50,35,20.71,84.95,5.01,199.3,rice
33,12,40,23.45,88.82,6.16,100.64,pomegranate
18,47,16,27.68,47.66,8.85,36.71,mothbeans
74,43,45,25.09,72.81,6.33,174.1,jute
17,58,21,18.85,69.86,7.06,45.85,lentil
62,36,39,23.25,85.78,6.79,151.45,jute
45,57,16,25.49,62.57,6.64,63.9,blackgram
82,39,41,25.59,77.8,6.75,193.78,jute
24,70,80,19.57,14.52,7.16,81.84,chickpea
30,76,75,20.61,17.69,7.27,84.78,chickpea
34,66,20,23.22,21.21,5.86,84.71,kidneybeans
65,50,46,38.52,91.06,6.7,53.47,papaya
19,17,33,28.13,54.03,6.8,94.29,mango
58,68,20,27.79,69.59,6.64,68.7,blackgram
91,38,23,22.87,74.26,6.01,91.63,maize
11,59,22,30.16,82.71,6.37,63.84,mungbean
61,37,19,19.19,66.35,6.53,100.03,maize
29,56,16,32.55,30,5.75,147.48,pigeonpeas
16,29,33,28.3,95.18,5.75,227.85,coconut
89,12,48,27.8,94.83,6.16,27.87,muskmelon
89,53,21,24.25,65.85,5.88,77.28,maize
28,75,22,25.64,63.87,6.78,64.57,blackgram
114,37,30,25.57,66.72,7.11,163.26,coffee
27,117,204,14.21,84.56,6.28,72.55,grapes
11,60,16,31.07,82.8,6.2,53.8,mungbean
117,38,35,23.63,53.21,7.02,177.07,coffee
22,76,18,23.77,24.61,5.65,83.13,kidneybeans
129,40,16,23.11,77.49,5.97,67.71,cotton
15,136,198,23.15,91.69,6.32,102.61,apple
98,71,50,26.69,79.73,6.11,107.38,banana
27,64,19,25.57,65.83,7.38,62.28,blackgram
85,6,51,25.6,82.66,6.9,53.91,watermelon
16,20,28,25.28,90.03,5.65,209.23,coconut
13,58,19,23.57,61.41,5.76,49.65,lentil
16,14,13,33.2,91.31,6.5,109.29,orange
51,70,49,35.69,90.27,6.92,176.12,papaya
24,56,15,21.33,64.67,5.35,194.55,pigeonpeas
26,16,14,10.37,94.05,7.41,115.79,orange
63,48,39,26.88,76.68,5.8,296.34,rice
112,8,48,28.54,91.65,6.86,24.74,muskmelon
38,72,22,34.37,40.96,6.92,111.48,pigeonpeas
105,20,50,27.34,94.14,6.25,27.77,muskmelon
20,15,31,25.28,95.06,6.81,151.35,coconut
66,54,42,25.26,79.36,7.33,188.33,jute
80,76,47,26.25,83.06,5.78,93.83,banana
35,78,18,28.32,67.01,7.27,73.94,blackgram
46,68,48,43.77,93.35,6.73,168.81,papaya
105,85,50,28.2,77.59,5.58,92.39,banana
130,59,23,25.85,82.07,5.66,76.08,cotton
107,13,53,25.26,81.94,6.28,47.58,watermelon
22,15,8,22.04,90.22,7.23,119.8,orange
100,29,28,23.36,68.87,7.16,191.94,coffee
45,63,81,19.11,17.41,6.26,91.6,chickpea
77,58,44,20.32,75.4,5.75,277.27,rice
13,44,19,29.41,56.45,3.96,46.86,mothbeans
19,19,14,29.49,93.01,6.68,107.12,orange
11,19,33,28.19,47.33,6.18,95.34,mango
82,38,31,26.5,60.5,7.25,151.66,coffee
38,58,21,29.04,50.08,8.39,50.94,mothbeans
55,60,24,27.19,63.26,7.26,65.91,blackgram
33,5,38,22.4,87.75,6.86,104.51,pomegranate
81,36,18,19.21,56.27,6.98,76.12,maize
27,55,16,28.65,52.64,4.44,53.72,mothbeans
132,40,23,23.6,76.89,7.02,63.64,cotton
47,48,47,33.51,93.97,6.58,178.54,papaya
40,76,23,22.73,53.07,4.7,100.44,pigeonpeas
39,52,23,26.59,56.91,7.36,53.09,mothbeans
25,79,21,18.47,22.06,5.64,82.2,kidneybeans
95,33,30,26.69,68.15,7.38,176.76,coffee
44,59,19,31.17,69.7,7.23,73.84,blackgram
22,74,22,19.44,63.52,5.75,41.95,lentil
11,8,27,27.52,98.49,5.85,223.52,coconut
78,51,38,21.32,81.96,5.71,250.04,rice
20,10,8,11.68,94.48,7.04,102.43,orange
100,18,54,27.51,90.68,6.63,23.01,muskmelon
113,17,47,26.1,82.91,6.3,44.45,watermelon
30,79,19,24.84,22.68,6.13,68.3,kidneybeans
81,10,51,24.03,80.33,6.85,50.26,watermelon
100,85,48,29.92,81.67,5.54,96.53,banana
25,70,18,31.57,60.36,4.81,146.52,pigeonpeas
32,50,17,24.21,47.11,6.38,53.51,mothbeans
82,75,53,28.83,78.51,5.88,100.67,banana
67,44,43,23.12,83.46,7.22,196.61,jute
116,40,16,25.09,77.5,6.72,87.51,cotton
13,19,41,22.67,94.12,6.02,104.32,pomegranate
33,61,22,26.12,47.7,6.45,192.99,pigeonpeas
28,69,80,20.89,18.87,6.7,68.42,chickpea
90,36,21,24.86,72.54,6.01,101.06,maize
14,12,34,27.86,94.55,5.72,174.97,coconut
12,17,43,23.59,90.08,5.85,107.68,pomegranate
99,35,45,20.3,88.37,6.06,299.16,rice
25,60,18,22.59,38.6,5.77,189.86,pigeonpeas
29,134,198,8.19,83.48,5.88,74.43,grapes
41,63,20,26.98,68.05,6.69,61.27,blackgram
14,10,28,26.52,93.6,6.13,139.89,coconut
34,63,75,17.1,20.65,6.55,80.54,chickpea
52,74,16,31.44,68.34,7.08,69.7,blackgram
29,10,33,25.12,93.75,5.67,165.25,coconut
65,49,18,22.99,68.03,6.74,70.32,maize
111,76,53,28.52,84.46,5.91,103.24,banana
21,37,20,31.37,41,5.39,41.23,mothbeans
96,86,52,28.56,75.52,6.36,99.17,banana
39,78,22,20.33,24.09,5.63,99.53,kidneybeans
24,6,35,23.02,90.38,6.26,98.65,pomegranate
34,79,81,20.29,15.06,7.72,92.68,chickpea
28,14,35,25.02,90.28,6.74,149.95,coconut
11,19,6,27.71,90.34,6.16,110.18,orange
32,66,21,27.82,60.35,5.35,128.84,pigeonpeas
97,77,54,25.2,84.14,6.33,95.95,banana
109,87,46,28.6,80,6.39,108.4,banana
31,133,198,23.64,91.52,5.95,110.88,apple
36,79,23,15.02,22.45,5.55,72.88,kidneybeans
113,7,46,28.28,90.49,6.62,21.44,muskmelon
23,36,23,31.13,85.88,6.53,61,mungbean
38,55,25,26.08,64.24,6.3,45.43,mothbeans
26,21,33,29.72,92.73,5.75,178.4,coconut
60,38,24,25.87,66.95,6.4,93.25,maize
28,136,198,20.49,92.78,5.83,108.85,apple
28,29,25,27.32,90.25,6.86,181.84,coconut
34,63,18,18.59,23.63,5.78,70.54,kidneybeans
28,46,17,24.93,53.67,9.37,45.32,mothbeans
20,38,19,27.81,87.34,6.31,46.17,mungbean
19,67,16,22.79,65.03,7.03,47.28,lentil
95,19,53,26.56,81.72,6.27,44.28,watermelon
23,58,18,27.27,82.04,6.63,49.39,mungbean
38,79,24,25.97,61.21,5.93,144.73,pigeonpeas
36,62,22,23.02,67.56,6.41,125.7,pigeonpeas
30,60,16,31.23,45.31,6.97,162.55,pigeonpeas
37,67,17,22.12,23.78,5.6,71.99,kidneybeans
72,57,15,18.77,59.16,5.54,69.07,maize
90,56,44,25.43,87.21,6.02,155.36,jute
22,65,78,19.92,21.85,6.51,84.63,chickpea
31,127,198,23.44,93.5,6.05,112.19,apple
20,13,14,21.56,91.4,6.35,117.49,orange
120,38,17,23.92,83.88,6.63,87.26,cotton
83,59,41,22.72,84.65,5.92,245.47,rice
27,24,26,28.11,92.35,6.34,225.69,coconut
20,139,200,20.32,83.49,5.81,66,grapes
13,71,17,24.11,66.13,5.81,54.44,lentil
91,12,50,26.85,89.99,6.24,50.9,watermelon
31,130,203,12.91,80.43,6.44,68.78,grapes
26,125,198,19.14,82.09,6.21,73.61,grapes
38,72,22,34.95,62.88,7.04,68,blackgram
15,13,44,18.03,87.38,6.91,97.57,pomegranate
31,63,83,19.16,16.49,7.22,86.48,chickpea
18,8,30,29.37,98.87,5.52,218.63,coconut
94,47,17,25.84,63.91,6.27,77.96,maize
28,75,20,23.03,65.86,6.48,42.88,lentil
12,137,202,12.92,83.32,5.93,73.89,grapes
93,15,52,26.11,84.93,6.91,47.34,watermelon
73,57,43,26.81,85.8,6.99,192.83,jute
85,25,27,25.08,57.69,7.11,188.71,coffee
120,30,29,27.18,64.6,7.12,159.81,coffee
39,68,24,18.21,21.34,5.73,92.02,kidneybeans
86,37,37,24.9,83.07,6.22,159.26,jute
35,59,24,29.91,46.94,5.33,63.9,mothbeans
25,70,16,18.85,21.41,6.15,107.53,kidneybeans
103,71,46,28.11,77.08,6,100.9,banana
37,60,19,18.37,18.14,5.62,80.68,kidneybeans
17,12,27,28.96,99.55,6.12,225.24,coconut
50,69,46,35.33,91,6.9,204.58,papaya
52,56,47,38.87,92.26,6.98,94.77,papaya
15,42,17,28.23,83.06,6.83,56.76,mungbean
21,24,26,32.3,50.25,5.8,94.04,mango
28,10,43,21.66,86.17,5.69,103.05,pomegranate
83,11,45,24.99,85.37,6.91,52.7,watermelon
40,72,19,21.48,18.86,6.39,85.15,kidneybeans
81,53,16,18.54,59.94,5.74,103.59,maize
29,119,200,23.32,90.08,5.77,100.05,apple
52,61,16,28.17,62.67,7.01,71.67,blackgram
21,57,85,18.18,20.15,7.25,76.46,chickpea
22,138,191,10.09,81.02,5.9,73.46,grapes
18,140,205,16.4,80.05,5.64,68.22,grapes
90,72,52,27.86,79.05,5.86,94.34,banana
118,41,15,24.24,80.91,7.44,74.46,cotton
94,53,40,20.68,82.37,5.95,200.78,rice
32,8,37,21.22,87.86,5.87,104.68,pomegranate
12,35,22,30.21,84.11,6.73,53.31,mungbean
103,75,54,29.71,80.18,5.85,94.68,banana
76,52,41,25.13,85.37,7.14,180.89,jute
19,45,17,27.48,81.79,7.2,58.55,mungbean
61,52,17,26.65,57.97,6.12,64.27,maize
32,79,78,18.72,20.98,7.68,70.58,chickpea
50,75,79,20.27,14.96,7.09,65.17,chickpea
46,69,82,18.86,14.48,7.12,93.73,chickpea
20,127,204,20.99,93.34,6.24,108.96,apple
75,54,38,26.52,87.88,5.86,270.1,rice
38,67,17,15.25,22.52,6.14,77.03,kidneybeans
67,47,46,23.7,90.52,6.6,243.72,papaya
115,34,26,27.45,59.44,7.12,157,coffee
29,67,18,26.82,65.04,6.82,63.87,blackgram
39,60,25,21.77,23.8,5.79,60.72,kidneybeans
21,24,29,30.71,52.28,6.18,102.13,mango
20,34,30,30.8,48.98,5.54,91.71,mango
24,29,35,26.17,91,5.72,200.2,coconut
38,53,49,36.07,90.79,6.93,133.98,papaya
36,126,201,20.61,90.33,5.72,102.56,apple
34,72,83,20.71,15.88,6.8,69.57,chickpea
25,19,44,19.1,88.67,6.43,97.39,pomegranate
24,71,83,18.52,20.2,7.93,71.11,chickpea
89,13,47,27.92,91.61,6.16,22.05,muskmelon
30,126,200,22.39,92.36,6.2,108.67,apple
96,14,53,29.35,92.6,6.86,23.91,muskmelon
81,13,50,28.58,94.87,6.91,21.62,muskmelon
25,15,31,30.42,50.07,6.34,91.27,mango
14,30,34,34.18,54.21,6.97,85.21,mango
123,43,23,22.74,79.65,5.53,79.27,cotton
25,25,31,27.44,91.14,5.63,163.96,coconut
38,13,36,21.7,86.27,6.39,102.24,pomegranate
92,42,39,20.55,75.38,6.93,280.32,rice
110,15,47,28.48,93.96,6.48,25.37,muskmelon
111,38,27,26.13,57.84,7.48,173.94,coffee
52,56,45,42.46,93.02,6.6,233.12,papaya
22,48,17,28.58,60.14,8.44,39.62,mothbeans
90,46,18,21.34,74.75,5.56,103.35,maize
15,27,31,32.69,47.57,6.92,88.4,mango
113,11,51,29.16,91.21,6.17,29.72,muskmelon
38,73,15,22.72,38.58,5.31,117.23,pigeonpeas
21,60,22,31.74,81.43,6.57,56.09,mungbean
117,27,26,25.29,57.52,6.87,171.93,coffee
13,139,191,19.2,81.36,6.37,69.85,grapes
28,18,28,26.04,98,6.44,176.81,coconut
115,43,21,22.66,83.46,7.12,79.06,cotton
28,74,16,23.28,41.05,5.8,197.84,pigeonpeas
85,50,44,20.32,79.21,6.9,286.83,rice
23,126,201,22.87,91.96,6.4,111.2,apple
37,17,35,20.24,89.22,5.84,97.99,pomegranate
91,27,26,26.53,57.87,6.41,150.17,coffee
55,71,80,18.3,16.66,7.34,94.82,chickpea
112,42,18,25.54,82.24,6.84,91.95,cotton
76,37,39,23.16,86.7,6.31,166.42,jute
13,33,32,27.22,49.12,6,98.39,mango
91,91,50,27.31,78.14,6.08,104.6,banana
37,50,46,29.07,93.14,6.78,168.55,papaya
34,126,202,20.42,93.95,6.03,105.85,apple
52,75,78,17.32,17.22,6.35,85.85,chickpea
70,38,41,22.02,83.72,5.31,237.74,rice
31,62,18,24.71,54.85,5.5,170.6,pigeonpeas
27,41,20,29.85,63.95,4.93,61.59,mothbeans
26,37,16,27.53,85.86,6.82,49.67,mungbean
96,54,39,23.74,88.83,6.8,192.62,jute
23,12,37,18.22,94.47,5.86,98.6,pomegranate
37,135,203,16.25,82.71,6.42,74,grapes
21,52,16,28.57,44.63,5.31,41.56,mothbeans
76,46,45,25.78,84.38,6.84,198.73,jute
94,59,19,20.44,67.88,6.11,61.27,maize
26,17,32,27.17,95.59,5.59,199.63,coconut
68,39,16,23.73,69.13,5.55,106.81,maize
51,56,76,18.86,21.27,7.08,79.93,chickpea
92,87,52,26.43,79.6,5.69,94.21,banana
80,35,40,20.39,76.78,5.24,257.91,rice
23,20,30,25.93,98.95,5.87,139.13,coconut
91,42,39,25.1,72.7,6.04,157.64,jute
16,21,30,34.41,46.03,6.91,100.9,mango
81,18,47,29.19,94.06,6.86,29.92,muskmelon
34,133,201,23.03,90.59,6.33,114.11,apple
91,93,48,27.76,75.51,5.54,104.41,banana
34,75,20,36.37,32.07,6.01,169.03,pigeonpeas
54,65,16,29.02,66.74,6.95,71.23,blackgram
30,6,14,30.35,91.57,7.46,105.76,orange
31,65,76,17.72,19.45,6.36,80.75,chickpea
102,9,48,24.12,83.05,6.74,40.71,watermelon
104,84,50,27.52,76.76,6.31,100.84,banana
17,144,195,23.01,92.63,5.87,101.32,apple
33,64,79,19.78,17.11,6.9,72.13,chickpea
84,24,28,27.58,67.05,6.87,176.02,coffee
21,64,24,30.19,56.86,6.4,111.89,pigeonpeas
26,7,13,20.35,91.27,7.3,108.64,orange
31,130,201,22.18,93.7,6.21,110.68,apple
25,9,29,25.14,91.37,5.76,135.44,coconut
41,67,52,36.85,92.03,6.63,245.68,papaya
99,15,54,25.18,89.62,6.42,49.02,watermelon
11,56,20,30.2,45.86,5.74,35.9,mothbeans
40,52,52,35.88,92.66,6.84,173.85,papaya
43,73,84,18.62,16.62,7.34,89.24,chickpea
36,16,40,21.64,94.75,6.95,98.23,pomegranate
41,62,83,19.31,19.08,7.6,76.88,chickpea
42,57,53,33.2,91.68,6.54,155.56,papaya
26,64,16,20.4,69.81,6.76,46.24,lentil
37,141,196,20.43,92.48,6.11,105.5,apple
30,17,39,18.51,87.74,6.97,103.94,pomegranate
48,58,81,18.03,21.7,6.97,89.18,chickpea
29,34,33,27.3,49.68,6.47,101.6,mango
38,70,80,20.68,17.98,7.98,90.54,chickpea
11,15,38,18.37,87.31,6.7,107.77,pomegranate
102,8,54,24.77,82.26,6.48,47.48,watermelon
33,70,19,24.94,24.16,6.12,88.47,kidneybeans
35,55,24,27.3,86.92,6.21,53.32,mungbean
118,15,51,28.38,91.82,6.35,26.36,muskmelon
100,7,52,25.19,82.63,6.38,47.47,watermelon
37,72,16,15.94,24.37,6.17,101.46,kidneybeans
107,16,55,27.78,90.09,6.55,27.07,muskmelon
27,25,28,28.87,48.78,5.98,98.55,mango
89,54,41,25.4,82.41,6.05,231.3,rice
34,78,21,32.62,68.12,6.84,66.51,blackgram
28,77,84,20.48,15.91,6.9,94.55,chickpea
120,71,46,28.05,83.21,5.79,94.78,banana
34,77,25,29.43,63.21,7.03,70.32,blackgram
21,64,23,26.24,69.89,6.18,125.33,pigeonpeas
44,48,51,37.28,93.21,6.93,142.15,papaya
20,79,18,30.84,58.27,6.33,124.42,pigeonpeas
27,56,21,30.92,85.99,6.62,64.16,mungbean
18,9,34,28.81,94.81,6.52,219.73,coconut
106,38,17,25.07,77.95,5.54,97.77,cotton
11,133,194,22.66,81.42,6.19,71.74,grapes
36,145,202,23.75,94.13,6.34,111.38,apple
15,61,20,23.32,62.06,6.92,40.32,lentil
112,71,55,27.63,78.03,5.86,91.33,banana
80,39,43,26.55,87.03,6.65,187.93,jute
16,135,200,21.39,94.31,6.35,100.45,apple
37,14,36,21.15,92.56,6.69,102.42,pomegranate
38,119,203,21.64,94.95,5.97,111.08,apple
21,44,18,29.6,84.41,7.32,55.11,mungbean
85,15,51,28.66,90.16,6.47,29.25,muskmelon
100,21,31,25.22,58.93,6.54,150.85,coffee
82,19,28,27.15,67.85,6.28,180.98,coffee
38,79,21,24.79,61.5,5.25,152.05,pigeonpeas
66,41,40,25.81,89.73,6.66,175.91,jute
20,79,22,18.05,23.81,5.78,103.64,kidneybeans
113,77,49,27.69,81.64,6.28,97.9,banana
95,45,23,21.95,62.54,6.19,75.07,maize
69,50,41,25.94,82.42,7.45,159.86,jute
100,48,21,18.6,70,5.81,104.9,maize
37,59,23,28.5,45.86,4.9,185.18,pigeonpeas
17,30,32,30.08,46.08,5.6,96.78,mango
26,75,20,18.48,20.6,5.5,74.99,kidneybeans
24,12,35,23.74,88.6,6.31,105.16,pomegranate
115,15,48,26.05,80.2,6.74,47.31,watermelon
20,65,18,31.93,67.66,6.8,72.17,blackgram
89,58,24,22.06,57.26,6.98,101.94,maize
100,49,43,26.61,87.74,5.49,234.07,rice
21,58,16,24.74,44.07,7.37,39.51,mothbeans
38,66,19,15.58,18.78,6.02,73.38,kidneybeans
20,27,28,27.26,51.05,6.09,90.97,mango
132,38,19,23.09,77.92,5.75,92.23,cotton
60,51,46,24.65,92.13,6.97,85.72,papaya
38,38,24,29.47,53.29,3.71,49.27,mothbeans
113,41,24,22.22,76.77,6.6,79.24,cotton
21,54,18,30.14,81.92,6.22,63.76,mungbean
24,7,11,16.22,92.16,6.95,105.14,orange
67,46,42,24.13,70.4,6.81,197.83,jute
25,56,16,33.34,61.18,6.55,66.57,blackgram
26,45,20,31.98,81.35,7.01,52.92,mungbean
96,38,29,25.29,69.63,6.3,153.26,coffee
105,71,45,27.25,78.33,5.94,95.25,banana
35,79,17,30.6,59.68,7.05,136.49,pigeonpeas
53,70,52,29.48,94.38,6.89,43.24,papaya
33,138,204,21.64,94.77,6.37,105.93,apple
38,10,44,23.35,87.48,5.55,96.53,pomegranate
65,36,24,23.55,70.93,6.22,65.87,maize
23,38,27,32.99,45.79,6.41,88.28,mango
22,23,30,25.14,90.64,6.31,201.88,coconut
34,124,198,22.72,92.82,5.66,106.2,apple
15,79,18,19.18,64.61,6.11,40.53,lentil
62,50,43,24.75,81.09,7.2,180.53,jute
24,35,16,26.07,40.7,7.6,47.79,mothbeans
14,71,19,24.97,64.8,6.47,48.49,lentil
17,11,26,25.9,91.24,6.87,144.03,coconut
37,67,24,31.41,63.12,7.03,60.99,blackgram
96,47,40,24.33,75.53,6.98,155.99,jute
40,41,24,31.15,82.25,6.6,53.19,mungbean
122,57,23,23.13,80.48,5.67,96.61,cotton
95,5,45,25.38,84.88,6.02,50.3,watermelon
18,141,198,23.89,90.59,6.46,101.82,apple
21,127,191,23.55,80.46,6.15,69.13,grapes
23,16,28,29.18,97.58,5.98,140.3,coconut
25,143,199,17.15,82.27,5.71,65.04,grapes
111,10,47,24.51,87.75,6.13,46.81,watermelon
99,44,39,25.69,89.21,6.97,270.41,rice
12,18,29,32.83,52.12,5.77,86.59,mango
17,15,33,27.29,54.4,6.84,95.71,mango
93,22,30,23.4,52.35,6.26,188.74,coffee
12,20,35,23.85,88.65,6.76,103.32,pomegranate
104,72,49,25.87,84.87,6.06,103.75,banana
25,120,205,9.83,84.66,6.41,70.25,grapes
69,57,45,23.35,87.25,6.59,176.2,jute
10,10,6,15.82,94.53,6.06,104.4,orange
103,51,22,22.38,78.19,7.49,87.14,cotton
23,19,32,28.15,49.25,5.87,99.97,mango
54,67,50,28,94.26,6.78,83.44,papaya
93,8,48,27.11,93.52,6.49,20.94,muskmelon
16,52,19,27.22,62.11,9.32,62.28,mothbeans
96,51,42,25.67,78.99,7.03,153.49,jute
21,63,82,17.81,19.39,7.94,67.82,chickpea
39,52,24,26.12,55.29,7.91,44.53,mothbeans
22,12,41,18.5,87.27,6.9,108.63,pomegranate
96,14,54,24.21,85.07,6.33,47.62,watermelon
12,36,22,27.66,45.66,7.49,42.59,mothbeans
131,39,21,22.34,84.47,6.08,69.06,cotton
43,66,54,40.35,91.67,6.64,155.32,papaya
93,12,51,26.96,89.38,6.86,53.34,watermelon
38,45,16,29.72,47.33,6.92,55.93,mothbeans
85,51,40,20.63,87.53,5.64,202.38,rice
11,22,30,27.22,96.34,6.74,172.77,coconut
30,49,19,26.21,59.21,4.97,55.77,mothbeans
18,40,22,29.07,54.84,3.61,56.86,mothbeans
91,38,25,22.08,59.72,5.61,68.49,maize
77,45,41,24.45,75.68,5.75,255.1,rice
78,39,23,24.24,59.42,5.62,94.02,maize
22,12,25,29.1,92.76,6.69,158.82,coconut
19,6,8,29.54,90.76,6.97,118.35,orange
40,11,38,21.91,88.04,5.63,95.02,pomegranate
23,67,20,22.49,22.56,6.12,77.62,kidneybeans
102,13,50,24.4,84.96,6.17,41.89,watermelon
25,50,24,30.36,84.81,7.21,64.01,mungbean
39,58,24,33.68,67.08,6.61,71.64,blackgram
83,51,39,22.05,79.93,6.35,270.28,rice
63,59,45,24.89,83.04,5.62,277.66,rice
101,60,24,23.19,77.57,6.26,74.25,cotton
122,41,25,25.19,79.13,5.8,91.41,cotton
36,74,23,21.57,33.54,6.6,130.52,pigeonpeas
17,9,14,29.92,92.57,6.2,104.3,orange
59,68,18,29.69,68.58,6.8,62.89,blackgram
25,70,17,23.58,67.2,5.67,46.96,lentil
91,94,53,28.61,75.78,5.61,99.86,banana
22,25,34,29.27,54.81,6.42,100.87,mango
87,37,24,22.46,64.61,6.39,101.23,maize
16,141,199,22.36,90.7,5.5,104.91,apple
12,5,43,21.34,86.31,5.85,108.99,pomegranate
29,29,30,28.27,45.01,6.72,86.75,mango
121,40,20,25.34,81.16,6.77,81.64,cotton
38,36,17,31.43,84.59,6.85,58.26,mungbean
34,71,18,20.97,55.44,6.3,109.73,pigeonpeas
40,72,75,17.34,19.73,6.14,67.14,chickpea
32,141,199,21.65,93.82,6.08,101.42,apple
111,18,25,24.37,55.39,7.23,185.53,coffee
35,77,17,29.16,58.05,6.54,134.9,pigeonpeas
82,39,38,26.73,72.92,6.95,179.65,jute
62,47,43,23.6,82.23,6.36,193.37,jute
71,44,37,25.34,76.96,6.99,150.78,jute
47,51,51,33.69,94.96,6.99,173.36,papaya
20,66,23,18.93,65.47,6.59,41.34,lentil
28,134,200,18.69,82.77,6.49,72.32,grapes
98,41,40,22.11,79.27,5.07,253.15,rice
24,20,6,32.53,90.63,6.59,117.03,orange
18,45,23,27.07,86.49,7,60.97,mungbean
29,37,27,34.01,51.09,6.96,92.47,mango
33,75,18,21.45,20.77,6.21,69.96,kidneybeans
33,143,194,17.81,81.37,6.32,65.05,grapes
19,36,23,30.51,83.31,7.01,52.92,mungbean
22,19,15,19.3,91.49,7.29,119.97,orange
34,66,22,33.91,36.79,4.56,175.7,pigeonpeas
95,81,51,25.37,80.04,5.68,101.48,banana
99,47,38,24.43,78.6,5.15,195.47,rice
27,58,17,27.87,54.31,5.24,96.35,pigeonpeas
31,19,40,20.8,94.54,6.46,99.47,pomegranate
80,37,30,23.02,58.03,6.28,181.22,coffee
93,9,45,28.75,91.15,6.15,26.54,muskmelon
24,74,23,26.82,64.3,6.67,70.6,blackgram
65,53,50,31.72,90.75,6.98,124.91,papaya
65,64,51,30.61,91.83,6.94,48.24,papaya
32,20,37,19.58,87.12,6.69,97.8,pomegranate
37,66,23,23.92,21.04,6.41,78.87,kidneybeans
24,65,83,17.82,18.44,7.47,83.48,chickpea
16,36,19,31.01,83.41,6.67,58.51,mungbean
38,57,21,31.04,80.69,6.5,51.27,mungbean
20,18,25,29.73,51.98,6.69,90.92,mango
37,71,20,20.19,54.23,4.85,127.09,pigeonpeas
116,16,46,29.46,92.47,6.85,26.01,muskmelon
22,35,35,30.5,45.47,6.7,97.09,mango
23,48,24,31.96,54.57,8.78,44.81,mothbeans
32,69,23,35.22,30.49,6.52,95.7,pigeonpeas
91,19,46,29.13,92.66,6.48,22.23,muskmelon
67,52,39,26.56,77.06,5.68,193.62,rice
31,5,40,18.26,90.69,6.88,109.53,pomegranate
100,12,48,29.08,93.8,6.85,29.73,muskmelon
37,74,19,29.6,36.41,6.52,109.72,pigeonpeas
29,124,204,23.05,94.86,5.54,105.7,apple
24,60,23,28.24,85.38,7.49,62.15,mungbean
65,52,40,25.41,82.8,6.7,246.23,rice
21,61,19,17.95,19.63,5.78,100.17,kidneybeans
34,132,202,23.7,93.56,5.87,114.26,apple
71,41,45,22.75,88.38,6.26,275.38,rice
29,27,28,35.32,45.24,6.37,95.98,mango
59,69,52,41.3,94.14,6.68,166.03,papaya
30,52,16,31.51,44.53,7.55,41.68,mothbeans
139,51,23,22.34,76.61,6.97,77.25,cotton
25,6,41,23.89,94.97,6.15,99.8,pomegranate
34,66,18,25.55,40.57,5.12,143.13,pigeonpeas
37,55,51,40.95,94.87,6.72,52.69,papaya
23,77,24,24.44,60.95,6.59,51.11,lentil
74,52,21,20.4,72.57,6.7,92.92,maize
40,56,76,20.95,21.72,6.01,93.55,chickpea
90,11,47,28.47,94.36,6.71,25.8,muskmelon
105,59,22,24.97,79.99,6.45,64.4,cotton
38,62,22,16.87,24.01,6.32,87.04,kidneybeans
46,80,75,20.91,17.26,7.74,88.47,chickpea
12,49,24,28.98,82.96,6.22,48.03,mungbean
119,17,28,24.21,54.97,6.57,190.91,coffee
107,36,31,25.33,62.73,6.45,159.13,coffee
15,12,13,25.24,90.55,6.94,103.73,orange
115,8,46,26.36,88.35,6.16,52.82,watermelon
19,16,9,16.1,93.65,6.63,119.63,orange
15,129,196,19.69,81.25,6.14,73.77,grapes
119,33,29,26.49,69.99,7.07,188.08,coffee
29,56,18,18.64,65.17,5.23,151.31,pigeonpeas
14,26,32,33.54,45.01,6.91,88.29,mango
21,137,199,21.19,92.28,5.57,115.97,apple
12,26,27,31.64,47.53,6.91,103.12,mango
21,19,41,20.88,94.34,5.57,98.15,pomegranate
88,33,33,25.26,60.13,6.05,153.47,coffee
24,70,17,24.3,64.2,5.12,97.83,pigeonpeas
99,22,26,25.04,51.05,6.83,165.36,coffee
30,135,204,8.05,81.24,6.43,74.32,grapes
132,53,24,23.79,76.73,5.6,69.86,cotton
13,14,44,21.34,94.95,6.52,96.11,pomegranate
44,60,55,25.34,91.06,6.74,243.41,papaya
28,122,196,21.45,91.28,6.01,119.33,apple
33,69,24,30.69,66.32,7.02,60.77,blackgram
37,75,23,35.72,51.77,5.1,157.85,pigeonpeas
81,10,53,25.66,84.51,6.29,44.47,watermelon
66,59,48,43.05,92.42,6.67,78.11,papaya
22,56,23,26.34,64.68,7.11,66.43,blackgram
36,128,196,8.61,82.49,6.05,70.59,grapes
22,70,23,22.92,68.34,5.61,51.21,lentil
88,45,37,21.1,78.75,6.1,265.75,rice
97,33,29,25.09,65.2,6.26,166.93,coffee
70,57,48,41.72,92.46,6.8,60.09,papaya
46,69,76,19.05,20.45,6.92,66.56,chickpea
114,38,29,25.68,64.84,7.04,194.53,coffee
82,44,42,24.9,86.72,7.02,184.23,jute
15,41,15,30.68,64.37,4.38,41.94,mothbeans
36,11,37,20.97,88.86,6.87,106.43,pomegranate
37,69,52,31.77,93.51,6.88,203.79,papaya
25,62,22,36.4,54.15,4.73,98.31,pigeonpeas
32,117,198,23.28,90.4,6.36,101.84,apple
33,65,18,24.17,20.03,5.97,104.51,kidneybeans
16,14,10,15.46,90.82,6.36,110.05,orange
33,49,24,30.54,58.93,3.86,35.21,mothbeans
82,52,42,21.57,85.68,5.47,219.05,rice
29,59,17,29.39,86.02,6.87,53.03,mungbean
87,19,53,24.62,83.38,6.81,50.44,watermelon
10,6,43,23.4,94.15,6.78,105.25,pomegranate
11,29,25,29.74,93.69,5.52,198.92,coconut
11,8,29,29.7,96.93,6.8,166.65,coconut
98,60,35,23.6,78.47,6.28,168.19,jute
37,9,39,24.29,93.96,6.53,107.88,pomegranate
40,69,22,16.41,21.4,5.53,85.27,kidneybeans
30,46,22,30.6,43.66,8.91,51.21,mothbeans
89,38,35,26.51,71.6,6.22,151.11,jute
32,64,19,15.39,21.33,6.04,71.39,kidneybeans
70,42,39,20.14,79.83,5.42,219.3,rice
25,61,23,22.12,62.11,5.97,49.42,lentil
57,54,53,32.52,93.63,6.55,123.17,papaya
31,19,38,23.68,85.55,6.31,96.06,pomegranate
22,11,11,24.42,90.83,6.6,106.87,orange
59,75,78,20.92,18.82,7.16,87.44,chickpea
64,42,43,26.41,85.58,6.95,175.7,jute
37,16,38,23.21,86.52,5.7,100.18,pomegranate
122,51,21,24.88,81.43,6.54,87.27,cotton
22,59,20,26.2,57.74,5.26,62.13,mothbeans
25,57,24,27.05,87.78,6.69,64.78,mungbean
20,135,201,17.97,81.79,6.08,68.42,grapes
29,44,16,29.98,88.14,6.57,47.65,mungbean
27,62,21,20.2,69.58,5.57,48.7,lentil
114,54,18,23.31,76.08,7.37,71.64,cotton
38,71,17,21.96,23.55,5.82,102.86,kidneybeans
26,25,27,30.65,53.26,5.84,95.49,mango
80,10,46,28.42,93.39,6.87,27.49,muskmelon
38,66,24,17.92,24.38,6.25,100.25,kidneybeans
23,8,9,14.94,92.74,6.17,100.46,orange
25,59,17,19.34,37.43,6.49,186.99,pigeonpeas
86,45,18,26.86,63.19,6.84,71.5,maize
82,59,44,23.68,79.46,7.46,168.62,jute
81,40,30,25.37,69.09,6.23,159.46,coffee
114,49,19,24.64,75.51,6.49,71.84,cotton
78,48,19,21.61,66.19,5.73,69.1,maize
13,64,19,19.06,67.98,6.91,42.86,lentil
34,61,16,15.08,22.42,5.95,66.71,kidneybeans
25,13,39,18.57,86.93,6.93,101.13,pomegranate
58,64,53,34.24,93.99,6.8,106.05,papaya
97,48,40,25.59,84.75,6.4,275.5,rice
28,61,17,36.24,54.65,6.17,135.74,pigeonpeas
103,12,50,28.48,92.83,6.72,21.1,muskmelon
37,40,23,29.72,80.78,7.43,49.94,mungbean
28,68,19,24.08,23,6.11,75.47,kidneybeans
71,50,24,19.9,67.46,6.45,96.66,maize
91,43,44,25.46,86.45,6.82,160.92,jute
38,71,20,19.3,20.22,5.93,98.69,kidneybeans
27,69,85,20.75,14.35,6.33,68.95,chickpea
119,57,19,23.14,83.96,7.22,66.56,cotton
27,54,15,30.55,41,9.28,64.76,mothbeans
25,144,202,20.17,94.53,5.98,109.21,apple
66,50,50,23.5,93.82,6.79,171.37,papaya
11,8,43,21.18,88.02,6.08,107.82,pomegranate
116,49,23,24.79,84.96,5.53,74.21,cotton
17,27,29,32.77,54.01,5.75,92.63,mango
24,130,201,9.49,83.34,6.4,65.58,grapes
25,30,28,29.36,46.22,6.26,96.71,mango
98,27,28,23.79,50.95,6.29,179.1,coffee
99,37,30,26.42,61.76,7.26,164.23,coffee
127,50,21,25.44,76.02,6.19,81.53,cotton
14,42,19,27.27,56.99,3.87,36.04,mothbeans
25,18,33,28.61,96.15,5.73,213.59,coconut
24,11,25,26.71,99.69,6.54,170.13,coconut
11,16,33,25.12,96.75,6.9,153.69,coconut
26,132,204,23.45,91.86,5.71,115.5,apple
15,19,10,11.47,93.65,6.49,113.07,orange
26,37,30,31.1,45.31,6.82,85.26,mango
26,30,26,31.93,52.03,6.69,97.58,mango
16,12,9,27.71,93.12,6.97,114.28,orange
101,72,47,29.2,82.25,6.39,92.35,banana
31,140,198,21.42,94.53,6.4,119.53,apple
32,132,191,9.98,82.98,5.77,65.8,grapes
48,80,16,25.97,67.2,6.78,62.76,blackgram
39,70,18,15.77,21.5,6.29,95.35,kidneybeans
12,135,193,13.86,80.31,5.77,72.68,grapes
137,41,18,23.65,77.43,5.76,94.3,cotton
13,73,16,22.36,63.56,7.08,43.51,lentil
107,70,54,27.23,78.43,5.64,98.79,banana
17,51,22,25.75,41.5,4.35,53.18,mothbeans
26,134,205,23.18,90.2,5.83,109.41,apple
63,51,40,25.11,88.53,6.05,188.67,jute
28,79,18,20.37,60.07,6.86,52.38,lentil
103,18,32,26.66,50.86,7.01,170.73,coffee
13,11,7,29.33,92.37,6.53,107.22,orange
13,74,20,24.38,61.47,6.79,43.49,lentil
56,74,22,28.01,61.84,7.26,67.11,blackgram
88,78,47,29.51,78.97,5.75,98.97,banana
26,72,18,18,23.2,5.55,105.14,kidneybeans
29,5,37,21.44,94.51,6.08,101.37,pomegranate
90,38,37,24.58,73.4,6.74,173.57,jute
70,47,45,27.56,94.86,6.99,177.53,papaya
24,76,25,22.4,61.84,5.71,52.19,lentil
27,30,30,26.73,91.86,5.51,180.91,coconut
21,68,18,21.77,22.24,5.86,70.89,kidneybeans
39,64,25,24.95,22.98,6.48,88.48,kidneybeans
35,36,22,26.73,51.96,9.54,44.96,mothbeans
67,70,54,43.95,91.22,6.92,212.84,papaya
54,73,76,19.83,18.35,6.16,78.75,chickpea
88,13,47,26.01,87.54,6.11,47.02,watermelon
11,39,27,35.3,49.26,6.98,96.08,mango
23,25,28,33.58,47.42,5.76,95.6,mango
77,41,23,25.19,68.89,5.91,89.51,maize
95,74,52,26.42,80.86,6.09,98.91,banana
67,40,38,23.67,81.48,5.58,253.42,rice
12,60,17,31.91,64.43,8.66,54.78,mothbeans
36,138,201,21.46,91.05,6.28,109.73,apple
29,73,18,18.06,23.52,5.95,99.92,kidneybeans
15,72,16,18.8,60.04,7.5,52.03,lentil
30,74,80,20.37,19.83,7.55,84.68,chickpea
20,63,22,21.66,24.76,6.26,107.54,kidneybeans
137,37,19,24.84,77.26,6.81,66.57,cotton
25,70,24,35.99,34.24,4.96,193.92,pigeonpeas
28,64,83,19.22,14.04,7.52,66.06,chickpea
45,71,77,17.25,20.25,6.92,66.74,chickpea
116,11,50,28.43,92.24,6.78,25.27,muskmelon
33,141,193,9.42,82.41,6.01,73.29,grapes
19,79,22,20.11,61.88,6.11,41.4,lentil
21,145,197,23.09,91.12,5.58,117.5,apple
39,44,16,28.7,85.06,6.24,58.16,mungbean
21,79,17,23.78,42.16,5.19,90.16,pigeonpeas
55,80,79,18.79,19.78,7.77,82.79,chickpea
110,47,16,22.14,79.69,6.3,65.48,cotton
41,60,75,17.96,21.81,7.6,93.79,chickpea
34,74,22,20.88,65.04,6.12,121.07,pigeonpeas
24,116,196,17.71,84.77,6.02,73.19,grapes
39,119,202,22.02,90.13,6.42,117.04,apple
34,61,17,23.56,19.59,6.34,73.96,kidneybeans
54,76,19,31.87,63.13,6.56,70.52,blackgram
36,59,25,33.53,64.98,7.1,63.41,blackgram
21,76,15,31.37,68.81,5.81,115.85,pigeonpeas
95,34,30,24.01,52.49,6.52,156.88,coffee
27,65,18,24.07,66.69,6.4,47.32,lentil
101,37,22,23.72,83.65,6.89,60.32,cotton
27,9,9,26.7,92.15,6.66,101.31,orange
23,18,41,24.99,87.87,5.92,97.4,pomegranate
19,16,7,25.25,93.63,6.47,116.58,orange
28,125,196,23.58,94.01,5.64,115.54,apple
33,41,22,28.53,63.23,6.02,36.98,mothbeans
89,25,32,23.38,62.07,7.4,192.52,coffee
13,63,15,20.8,65.5,6.74,49.95,lentil
79,38,17,26.88,57.85,6.25,90.91,maize
63,50,18,23.59,55.91,6.81,108.67,maize
11,8,40,24.54,93.35,6.76,99.55,pomegranate
119,18,54,28.98,91.72,6.89,22.92,muskmelon
93,37,24,22.93,71.35,6.18,92.18,maize
29,45,16,30,89.02,6.57,49.33,mungbean
85,37,37,24.35,71.56,6.29,195.56,jute
76,54,22,19.39,71.32,5.84,71.19,maize
11,60,15,23.2,67.23,5.77,52.54,lentil
50,60,85,18.47,16.62,6.3,74.17,chickpea
23,50,16,31.7,87.55,6.88,61.57,mungbean
13,14,29,26.5,96.57,6.88,170.06,coconut
28,16,27,27.06,97.16,5.66,157.05,coconut
101,37,18,25.89,80.59,6.25,95.55,cotton
30,66,16,21.3,18.38,6.25,75.88,kidneybeans
29,60,81,18.64,20.72,7.8,75.6,chickpea
10,53,19,26.04,40.32,7.01,60.53,mothbeans
90,29,32,26.03,57.84,6.18,189.04,coffee
27,65,18,29.32,67.82,6.98,71.91,blackgram
118,43,21,22.74,81.27,5.85,62.55,cotton
67,58,19,21.45,65.38,5.57,68.31,maize
10,57,23,29.02,58.76,4.49,48.75,mothbeans
12,80,22,20,65.86,5.72,54.49,lentil
22,68,23,15.71,18.56,5.85,107.09,kidneybeans
85,93,47,26.26,79.07,5.88,105.89,banana
109,8,49,24.21,83.9,6.74,45.8,watermelon
35,131,200,23.02,82.48,5.81,72.54,grapes
22,78,20,23.9,64.46,6.92,50.98,lentil
39,77,20,32.07,62.52,6.95,61.85,blackgram
70,45,43,21.6,76.15,5.58,199.35,rice
32,9,36,19.76,94.21,6.37,103,pomegranate
29,15,32,35.13,46.4,5.64,93.49,mango
23,26,29,29.37,92.13,5.99,145.07,coconut
131,57,23,22.78,81,6.16,60.37,cotton
13,40,23,24.41,52.31,6.37,45.03,mothbeans
39,51,24,28.52,87.82,7.15,58.83,mungbean
27,77,19,23.34,61.44,5.52,40.3,lentil
32,128,199,13.79,81.51,6.08,69.98,grapes
23,72,17,25.45,65.83,5.11,145.86,pigeonpeas
93,71,50,27.72,76.68,6.26,109.7,banana
81,43,23,21.88,59.97,6.43,95.34,maize
98,76,47,28.35,75,6.31,91.58,banana
98,20,53,29.68,94.12,6.1,22.27,muskmelon
12,130,198,10.54,80.52,5.62,66.01,grapes
23,61,22,24.12,61.27,7.23,48.9,lentil
111,12,52,25.16,82.11,6.63,54.64,watermelon
107,94,47,27.99,79.24,5.95,95.08,banana
29,135,197,22.59,90.91,6.25,106.78,apple
25,23,30,32.39,46.71,6.61,91.05,mango
20,52,21,26.74,43.36,4.11,59.95,mothbeans
111,73,51,25.17,79.98,5.65,93.66,banana
23,11,13,33.75,94.03,6.57,115.77,orange
16,10,9,17.69,94.92,7.22,103.29,orange
32,144,198,23.5,94.62,6.17,118.63,apple
63,46,43,24.89,86.59,7.09,160.47,jute
14,33,29,30.62,52.83,6.94,87.53,mango
81,49,41,25.08,89.64,6.03,218.75,rice
37,122,197,16,84.37,6.26,70.13,grapes
36,65,82,17.01,18.96,6.71,88.83,chickpea
39,63,48,40.22,94.98,6.54,139.34,papaya
92,41,22,24.84,66.91,6.21,80.59,maize
111,15,49,29.69,90.81,7,21.19,muskmelon
49,60,48,26.68,93.87,6.97,61.09,papaya
63,37,42,24.95,85.81,7.37,169.42,jute
85,38,24,23.65,61.7,5.71,99.7,maize
18,143,199,20.32,91.94,6.1,110.27,apple
28,59,21,23.26,66.85,6.25,155.21,pigeonpeas
81,21,33,25.93,65.65,7.12,152.53,coffee
19,126,198,22.46,94.51,6.46,113.07,apple
19,28,29,26.79,94.41,6.28,193.2,coconut
10,69,24,22.66,68.23,5.53,48.13,lentil
25,30,33,30.89,52.86,6.19,103.82,mango
95,16,51,28.27,92.83,6.37,29.36,muskmelon
65,46,38,24.41,71.89,6.64,199.16,jute
106,49,17,22.16,75.36,7.16,83.66,cotton
12,15,9,15.15,92.01,6.11,113.91,orange
36,19,42,18.61,91.69,6.12,102.06,pomegranate
42,59,22,31,67.31,7.27,74.63,blackgram
87,39,44,25.76,89.25,6.45,253.61,rice
19,55,25,24.24,62.43,7.55,64.2,mothbeans
116,19,49,27.65,91.87,6.33,21.76,muskmelon
93,14,54,24.14,83.85,6.16,50.43,watermelon
18,78,20,19.89,67.02,6.82,54.84,lentil
25,60,22,22.16,53.81,5.29,162.82,pigeonpeas
36,122,203,8.32,83.66,6.43,71.57,grapes
14,44,24,25.24,42.07,6.65,44.07,mothbeans
36,6,42,24.44,87.71,6.06,103.53,pomegranate
93,58,45,24.59,89.82,6.23,162.68,jute
94,8,51,25.39,84.95,6.43,54.34,watermelon
100,31,34,24.91,65.3,6.9,196.35,coffee
75,40,36,25.96,85.4,7.45,188.67,jute
27,127,203,20.92,90.03,6.15,104.05,apple
81,48,40,23.04,70.03,6.15,155.08,jute
26,17,8,18.49,94.68,6.25,100.84,orange
15,22,25,28.11,54.86,5.97,87.31,mango
33,74,20,18.05,19.49,5.53,75.2,kidneybeans
84,15,48,24.6,89.36,6.02,46.57,watermelon
38,80,15,32.46,44.87,5.68,172.97,pigeonpeas
133,43,20,25.5,75.53,7.28,68.77,cotton
11,5,5,10.21,90.55,6.36,104.42,orange
89,13,52,25.67,89.29,6.38,46.96,watermelon
98,11,49,29.94,90.44,6.92,24.8,muskmelon
108,38,23,23.03,77.85,7.42,75.16,cotton
37,69,25,21.34,18.88,6.18,76.26,kidneybeans
44,67,85,17.55,19.56,6.81,77.85,chickpea
59,71,22,34.77,63.77,7.3,66.52,blackgram
17,64,21,19.92,60.27,6.97,49.38,lentil
88,57,42,25.94,75.81,6.46,189.15,jute
20,6,39,18.9,94.48,6.21,99.76,pomegranate
86,13,47,27.55,90.32,6.76,24.27,muskmelon
11,7,31,25.26,93.37,6.63,159.43,coconut
99,86,45,28.11,82.78,6,97.15,banana
118,6,45,28.98,91.45,6.25,23.31,muskmelon
93,90,45,29.35,80.13,5.9,99.94,banana
74,53,16,20.84,65.79,6.69,75.94,maize
20,67,20,23.93,68.32,6.31,45,lentil
20,136,195,22.17,82.27,6.22,66.07,grapes
114,28,32,23.96,63.77,6.41,191.6,coffee
26,61,78,20.4,18.49,7.05,68.44,chickpea
15,45,24,27.71,87.64,6.16,64.63,mungbean
14,57,17,24.47,68.21,6.21,49.84,lentil
50,78,19,28.42,69.62,6.94,67.34,blackgram
103,93,48,28.35,76.88,6.12,96.73,banana
72,39,37,25.56,87.46,6.61,158.48,jute
30,34,31,30.2,45.49,5.55,96.08,mango
35,45,17,29.9,49.01,7.86,43.12,mothbeans
35,46,19,31.32,46.28,8.99,49.52,mothbeans
108,19,47,26.24,85.21,6.27,51.65,watermelon
28,74,20,33.84,65.54,7.03,62.93,blackgram
23,11,6,27.73,94.27,7.03,100.36,orange
97,12,51,26.32,80.34,6.59,42.8,watermelon
26,125,196,22.25,92.4,5.6,112.25,apple
30,126,199,23.33,91.55,6.44,103.59,apple
88,37,28,23.07,66.87,7.41,182.78,coffee
48,72,15,28.68,69.79,6.92,67.53,blackgram
109,16,46,24.66,82.74,6.55,42.17,watermelon
114,57,19,25.66,79.98,6.3,90.02,cotton
71,50,25,23.69,60.2,6.45,87,maize
59,77,21,32.01,62.85,7.13,66.83,blackgram
14,116,202,17.7,83.8,5.65,70.72,grapes
56,61,78,20.04,17.6,7.55,66.96,chickpea
17,123,197,10.91,84.37,6.2,65.85,grapes
13,20,32,26.59,95.4,6.54,172.13,coconut
99,95,53,26.05,80.01,5.73,98.19,banana
19,37,17,27.63,81.23,6.78,49.92,mungbean
14,49,22,29.6,58.84,9.17,50,mothbeans
130,58,17,25.35,81.9,7.24,91.88,cotton
34,66,16,22.82,22.51,5.55,78,kidneybeans
121,37,19,24.4,80.56,6.31,77.16,cotton
84,12,53,24.66,82.69,6.24,54.88,watermelon
11,29,28,26.91,90.92,5.67,202.67,coconut
13,115,192,24.93,80.9,6,73.48,grapes
33,116,199,22.82,91.13,6.3,112.62,apple
64,53,46,27.75,92.34,6.71,100.67,papaya
82,42,41,20.21,75.56,6.65,223.22,rice
105,5,47,24.3,83.63,6.5,40.65,watermelon
120,15,30,25.87,68.28,6.76,177.19,coffee
29,142,202,20.81,92.15,5.99,101.1,apple
22,144,193,18.41,82.16,5.57,69.88,grapes
11,36,30,28.78,48.17,5.92,95.62,mango
26,16,33,27.67,93.38,6.49,201.77,coconut
28,71,16,24.63,62.59,6.17,46.03,lentil
22,51,19,30.24,80.61,7.22,63.81,mungbean
108,9,54,29.68,90.97,6.13,29.76,muskmelon
14,23,33,27.1,92.97,6.21,139.32,coconut
12,19,14,14.85,90.81,6.36,110.31,orange
81,18,47,29.79,93.59,6.76,22.01,muskmelon
26,6,7,10.31,92.97,7.33,113.41,orange
33,72,19,35.89,36.69,6,166,pigeonpeas
33,133,198,20.1,93.75,5.71,116.69,apple
23,56,78,20.14,19.66,7.58,80.52,chickpea
21,75,15,32.62,68.93,6.93,68.03,blackgram
100,32,31,27.02,59.04,6.78,190.52,coffee
37,69,23,23.93,18.44,6.38,82.42,kidneybeans
12,29,29,28.12,96.66,6.32,150.53,coconut
31,64,76,20.75,18.43,6.61,76.91,chickpea
27,45,23,30.52,55.3,5.93,42.66,mothbeans
17,58,20,27.73,59.01,4.5,49.62,mothbeans
20,127,194,13.83,82.05,6.22,70.12,grapes
48,72,77,19.64,17.15,7.3,68.2,chickpea
18,16,10,33.51,91.47,6.62,115.74,orange
30,56,16,18.37,66.26,5.61,52.55,lentil
50,70,17,31.67,66.23,7.1,67.35,blackgram
103,93,46,27.67,83.79,5.91,99.64,banana
25,12,28,27.64,92.16,6.83,138.54,coconut
14,16,13,26.98,93.03,6.85,117.22,orange
76,35,44,20.64,79.79,6.9,294.07,rice
11,43,17,27.49,89.57,6.9,59.57,mungbean
29,10,32,25.22,90.66,6.33,140.49,coconut
19,120,201,12.29,82.27,5.89,74.82,grapes
38,51,16,27.22,58.22,8.57,38.55,mothbeans
14,29,29,28.01,96.1,6.34,221.47,coconut
35,77,21,15.89,21.41,5.58,80.38,kidneybeans
16,17,30,26.94,98.21,6.18,190.36,coconut
14,41,19,29.39,41.56,4.87,59.27,mothbeans
105,72,51,25.6,75.79,6.03,98.06,banana
19,16,14,26.85,91.02,7.4,105.29,orange
100,15,51,26.43,80.45,6.3,44.2,watermelon
98,34,32,25.69,51.75,7.39,172.78,coffee
41,57,15,34.64,63.77,7.1,61.2,blackgram
115,16,54,28,92.52,6.01,20.07,muskmelon
95,31,32,24.05,66.74,6.43,159.33,coffee
86,8,55,27.46,91.35,6.59,26.1,muskmelon
32,124,198,21.36,93.4,5.56,118.58,apple
120,75,45,29.99,77.81,6.17,93.53,banana
74,44,22,22.07,59.49,6.18,67.04,maize
105,17,49,28.29,92.05,6.37,29.26,muskmelon
54,64,23,34.41,66.23,7.24,72.08,blackgram
34,118,204,23.25,90.17,5.59,100.98,apple
44,66,22,27.28,60.58,6.8,67.11,blackgram
11,40,18,28.08,55.38,9.42,50.3,mothbeans
105,10,49,26.09,89.38,6.54,51.53,watermelon
108,83,52,29.45,79.4,6.4,105.01,banana
108,14,47,25.41,87.2,6.53,45.93,watermelon
15,49,21,27.92,56.12,4.99,51.58,mothbeans
77,58,38,23.6,86.75,5.79,254.65,rice
14,29,31,29.24,95.4,6.12,227.72,coconut
29,22,34,34.77,52.73,5.75,101.44,mango
29,126,204,13.61,84.81,6.4,67.7,grapes
23,18,42,24.18,87.04,6.81,95.9,pomegranate
29,78,17,21.78,22.25,5.8,66.83,kidneybeans
28,135,202,19.21,81.99,6.01,73.03,grapes
84,48,45,26.32,88.23,6.38,188.63,jute
65,39,36,24.49,77.73,5.69,287.61,rice
108,52,23,25.36,77.92,7.36,82.12,cotton
22,46,23,27.98,88.2,6.97,53.38,mungbean
40,63,17,28.09,69.75,6.91,66.67,blackgram
26,79,19,15.87,22.32,5.61,77.26,kidneybeans
61,58,38,24.64,79.68,6.04,245.61,rice
31,136,195,12.29,84.78,6.42,69.57,grapes
37,136,205,23.07,94.71,5.72,115.43,apple
24,12,41,20.5,86.64,6.26,107.45,pomegranate
37,67,18,33.04,48.05,5.05,184.05,pigeonpeas
79,50,18,24.25,72.2,6.67,61.98,maize
94,57,22,25.53,68.95,6.52,90.93,maize
32,127,199,21.82,90.89,6.13,107.28,apple
21,76,18,26.43,30.88,5.4,145.29,pigeonpeas
16,14,32,28.06,91.79,6.06,176.78,coconut
32,80,23,26.4,58.3,5.67,115.18,pigeonpeas
40,54,51,34.49,91.16,6.67,168.95,papaya
62,64,48,24.71,90.06,6.71,126.17,papaya
40,56,76,20.63,15.11,7.06,77.33,chickpea
23,17,13,18.88,92.87,7.25,113.76,orange
88,36,43,24.4,76.23,6.75,290.5,rice
29,14,11,15.8,90.23,7.42,106.27,orange
18,76,24,19.7,65.51,5.88,41.53,lentil
15,16,29,35.06,54.83,6.46,88.23,mango
106,73,50,27.19,77.68,6.1,107.43,banana
114,75,52,27.71,83.33,5.63,92.6,banana
61,52,39,25.58,77.12,7.01,186.46,jute
26,116,195,17.78,84.75,6.36,67.28,grapes
62,54,55,32.12,90.75,6.73,182.6,papaya
24,124,197,20.15,90.22,6.37,113.57,apple
35,133,194,11.46,81.7,5.98,67.96,grapes
96,18,49,26.21,84.76,6.12,53.92,watermelon
118,43,24,25.4,83.44,6.52,91.58,cotton
24,72,18,17.07,21.62,5.51,60.38,kidneybeans
93,14,54,26.02,80.75,6.46,53.36,watermelon
24,72,25,19.94,30.33,5.8,100.19,pigeonpeas
22,71,19,19.01,60.94,5.53,53.1,lentil
86,14,47,28.59,92.95,6.3,20.35,muskmelon
93,72,55,26.43,79.24,6.15,90.49,banana
13,64,21,18.49,63.62,6.57,54.94,lentil
34,141,201,20.75,91.43,5.98,119.09,apple
28,67,20,16.54,21.88,6.04,98.1,kidneybeans
21,31,29,32.83,45.45,5.58,94.14,mango
67,57,23,24.94,71.9,6.64,91.31,maize
25,7,11,17.82,90.89,7.29,108.07,orange
24,27,28,34.96,50.77,5.83,90.38,mango
13,23,27,27.56,90.93,6.88,164.4,coconut
67,37,36,23.23,78.1,5.73,240.41,rice
29,19,6,13.3,92.48,6.16,106.91,orange
95,27,34,25.07,60.69,6.03,157.93,coffee
116,45,18,23.84,77.52,6.25,92,cotton
28,69,20,21.68,64.35,6.53,182.17,pigeonpeas
54,67,17,26.34,69.53,6.57,62.99,blackgram
118,18,54,29.44,92.3,6.25,23.7,muskmelon
32,50,20,27.67,82.61,6.63,56.99,mungbean
81,17,34,27.34,57.15,7.34,179.68,coffee
93,42,36,24.88,84.43,6.75,268.21,rice
105,8,45,29.27,94.93,6.81,24.6,muskmelon
41,64,55,39.33,91.48,6.62,85.71,papaya
63,65,53,30.33,92.27,6.8,244.53,papaya
25,42,15,29.48,82.86,7.1,45.48,mungbean
18,131,197,8.2,82.78,6.16,70.92,grapes
30,23,31,27.81,51.06,5.63,104.18,mango
29,53,16,27.18,89.94,6.35,46.08,mungbean
42,56,81,20.81,18.81,7.64,91.53,chickpea
83,48,21,18.16,72.44,6.9,88.26,maize
27,30,31,27.26,53.29,6.68,90.18,mango
24,11,45,19.4,87.15,5.94,97.59,pomegranate
25,22,28,25.85,95.81,6.23,202.88,coconut
18,34,31,30.49,46.71,5.84,96.51,mango
86,42,25,19.36,63.65,6.92,80.99,maize
23,15,34,25.91,95.44,6.93,192.54,coconut
37,55,22,29.44,63.65,5.42,35.03,mothbeans
83,77,48,29.73,77.83,5.96,103.43,banana
21,6,27,26.43,92.83,6.51,131.83,coconut
93,57,35,23.58,81.26,5.44,194.38,rice
27,63,25,34.27,58.05,6.68,151.83,pigeonpeas
83,25,32,25.35,57.67,6.18,162.25,coffee
46,79,76,17.23,16.26,6.52,72.41,chickpea
21,7,29,27.91,95.22,6,184.24,coconut
23,63,18,34.56,56.91,6.89,117.55,pigeonpeas
49,45,51,23.27,90.01,6.81,79.69,papaya
107,19,53,27.13,92.36,6.4,23.1,muskmelon
19,54,19,27.7,80.11,6.82,64.52,mungbean
90,51,43,24.6,83.52,5.19,224.13,rice
103,27,29,27.45,58.75,6.11,197.33,coffee
37,71,19,27.77,65.58,6.85,73.99,blackgram
20,7,38,22.01,89.42,6.02,106.2,pomegranate
16,127,199,20.67,90.12,5.63,113.09,apple
92,13,48,24.5,84.07,6.23,48.02,watermelon
35,77,80,18.92,14.21,6.68,76.41,chickpea
99,19,46,26.84,87.33,6.64,49.68,watermelon
96,70,46,27.67,81.75,5.92,104.61,banana
83,25,31,23.74,65.31,7.12,195.17,coffee
83,40,32,23.81,50.25,6.26,191.91,coffee
29,61,16,17.77,24.8,5.83,84.1,kidneybeans
38,45,23,26.13,64.76,3.67,53.11,mothbeans
81,19,53,26.51,80.93,6.74,54.4,watermelon
20,67,16,28.08,69.26,6.66,74.49,blackgram
106,81,53,29.53,76.2,6.03,95.69,banana
120,58,18,25.47,81.44,5.54,88.99,cotton
32,74,22,18.75,19.17,5.93,67.13,kidneybeans
93,36,21,20.07,57.41,5.62,94.81,maize
92,16,46,28.22,94.24,6.37,25.91,muskmelon
20,12,9,22.73,94.73,6.82,119.06,orange
15,9,43,24.34,94.75,5.85,108.22,pomegranate
79,50,17,26.92,59.63,6.91,92.48,maize
113,6,45,28.12,90.74,6.56,29.17,muskmelon
22,135,191,18.09,83.86,6.33,66.71,grapes
43,65,53,27.35,91.68,6.57,55.58,papaya
91,13,48,27.63,93,6.09,20.58,muskmelon
29,5,13,18.03,90.19,7.38,102.79,orange
83,17,52,29.19,90.5,6.72,26.8,muskmelon
95,54,37,23.29,84.31,6.59,188.3,jute
23,116,204,16,80.14,6.19,69.82,grapes
77,39,43,24.39,78,7.34,174.83,jute
62,47,39,26.12,77.1,7.47,159.04,jute
104,16,34,26.43,50.68,7.23,160.01,coffee
134,41,15,24.48,79.58,6.63,95.97,cotton
31,13,39,20.94,90.62,5.51,96.18,pomegranate
102,35,25,24.64,78.65,6.44,70.66,cotton
35,69,18,24,18.81,6.46,75.7,kidneybeans
21,13,6,19.96,91.35,7.5,106.17,orange
112,22,33,24.36,50.66,6.78,159.83,coffee
30,74,18,22.74,23.41,6.02,108.8,kidneybeans
19,119,193,17.99,80.32,6.36,74.61,grapes
26,133,204,18.02,82.36,6.07,74.28,grapes
37,63,80,18.76,14.85,7.28,71.48,chickpea
11,37,28,28.16,49.68,6.4,85.62,mango
28,5,43,22.99,88.66,5.58,106.32,pomegranate
62,67,48,43.83,90.51,6.53,219.68,papaya
33,79,24,22.66,23.52,6.16,73.01,kidneybeans
95,31,34,23.21,68.38,6.91,190.37,coffee
32,12,45,18.38,88.55,6.22,102.55,pomegranate
36,54,16,30.45,89.45,7.02,51.63,mungbean
37,50,52,40.95,91.26,6.66,152.8,papaya
36,76,21,20.2,19,6.28,73.57,kidneybeans
11,50,15,30.3,47.66,3.76,52.65,mothbeans
16,22,33,26.8,94.27,6.97,208.39,coconut
15,78,21,23.05,62.57,6.94,40.42,lentil
36,12,37,19.34,92.69,5.9,106.51,pomegranate
21,26,26,31.18,53.21,6.42,101.64,mango
13,72,21,23.28,63.09,6.4,46.08,lentil
34,71,20,26.26,62.9,6.74,63.2,blackgram
99,79,50,27.9,76.89,6.4,103.48,banana
102,8,52,25.6,88.09,6.78,43.23,watermelon
117,87,46,26.78,80.92,6.34,90.87,banana
112,8,52,26.83,85.28,6.54,46.92,watermelon
19,7,13,10.69,94.17,6.21,117.73,orange
61,38,23,19.61,68.05,5.86,64.97,maize
11,67,16,20.81,63.51,7.05,52.05,lentil
99,92,50,29.65,79.84,5.99,92.39,banana
40,70,24,20.89,20.63,5.79,70.16,kidneybeans
44,66,51,42.18,91.16,6.56,41.28,papaya
20,56,15,28.54,82.41,6.35,46.36,mungbean
26,26,31,26.53,92.18,5.99,192.85,coconut
107,35,17,22.94,79.22,7.34,95.17,cotton
14,13,40,24.31,94.3,6.08,102.38,pomegranate
42,59,50,41.43,90.5,6.63,197.88,papaya
73,54,16,18.68,69.56,6.24,94.42,maize
125,37,23,25.97,80.31,6.87,69.49,cotton
23,130,200,21.07,94.56,5.87,100.91,apple
33,125,192,22.58,81.54,6.16,70.66,grapes
101,23,25,24.54,55.57,6.59,156.59,coffee
89,21,30,27.49,52.99,7.24,164.57,coffee
109,7,55,26.46,82.04,6.19,41.88,watermelon
74,40,37,23.75,79.78,7.2,178.45,jute
28,55,15,34.77,62.42,7.16,72.59,blackgram
24,31,29,35.56,45.22,5.96,103.42,mango
114,57,16,25.92,81.16,5.87,87.16,cotton
91,40,35,25.71,85.6,6.46,272.55,rice
23,11,5,29.61,93.39,6.71,118,orange
19,131,196,17.59,80.57,6.5,69.26,grapes
58,64,25,29.85,61.79,7.39,66.91,blackgram
27,49,24,29.79,89.6,6.07,46.96,mungbean
83,13,52,26.38,85.83,6.91,54.13,watermelon
83,46,24,25.36,61.84,5.89,78.98,maize
21,58,19,18.69,66.23,6.39,51.67,lentil
32,78,19,21.07,22.42,6.09,95.13,kidneybeans
27,124,196,9.43,80.26,5.75,65.74,grapes
61,38,35,24.45,79.72,6.02,288.91,rice
21,9,6,11.25,90.58,6.11,115.21,orange
36,70,80,19.43,20.12,7.63,86.54,chickpea
17,116,196,12.92,84.04,6.3,69.57,grapes
86,17,53,27.71,91.44,6.94,28.26,muskmelon
28,126,201,23.17,91.4,6.06,114.17,apple
26,78,20,24.65,65.36,6.29,52.72,lentil
21,55,19,24.7,53.92,8.99,58.88,mothbeans
19,45,22,29.46,47.88,4.37,53.97,mothbeans
65,53,24,19.62,59.75,6.96,69.05,maize
34,77,75,19.66,21.71,7.12,93.1,chickpea
13,18,38,19.25,87.39,6.13,98.77,pomegranate
88,14,54,24.44,89.71,6.95,53.27,watermelon
18,18,11,14.8,92.91,6.76,107.97,orange
22,39,22,31.77,54.05,8.15,37.05,mothbeans
84,48,17,19.59,59.41,5.78,98.98,maize
31,73,17,32.83,53.35,7.36,94.67,pigeonpeas
37,8,41,20.84,85.41,6.02,98.98,pomegranate
33,77,21,30.02,36.26,5.92,168.8,pigeonpeas
20,121,197,8.33,83.36,6.02,73.99,grapes
15,39,23,24.34,50.48,4.59,61.38,mothbeans
35,69,16,24.58,24.6,6.29,109.57,kidneybeans
20,49,24,25.61,63.36,7.98,59.7,mothbeans
64,53,36,24.99,79.45,6.47,193.52,jute
27,126,204,20.66,90.75,6.08,113.15,apple
130,38,19,22.07,75.34,6.47,71.93,cotton
28,69,23,24.94,61.64,6.88,50.11,lentil
120,21,27,25.63,60.74,6.66,188.59,coffee
106,74,54,26.92,82.3,5.52,94.1,banana
13,122,193,15.28,83.29,5.76,65.12,grapes
36,39,16,30.59,84.75,7.27,52.67,mungbean
40,59,51,37.82,93.4,6.65,109.37,papaya
74,37,24,19.23,74,6.17,69.26,maize
89,24,27,25.9,65.96,7.18,168.23,coffee
89,15,53,26.96,81.8,6.77,45.08,watermelon
30,64,24,33.72,57.89,6.64,140.79,pigeonpeas
59,64,20,28.55,66.83,7.16,70.73,blackgram
12,47,21,31.14,87.83,6.42,63.82,mungbean
51,60,78,17.66,16.64,7.51,80.58,chickpea
23,67,22,22.7,55.62,6.5,107.9,pigeonpeas
62,42,43,25.24,77.77,5.42,224.46,rice
81,27,34,27.48,69.12,7.32,179,coffee
107,21,31,24.29,56.67,6.66,176.46,coffee
98,54,16,25.82,64.75,6.84,99.99,maize
28,8,14,18.56,92.2,7.06,111.75,orange
110,7,46,29.93,94.78,6.06,24.43,muskmelon
38,131,203,21.76,93.73,5.7,107.42,apple
64,56,51,28.61,93.23,6.99,50.3,papaya
57,55,21,32.41,64.85,6.59,74.59,blackgram
83,14,48,25.58,85.17,6.92,48.24,watermelon
50,59,80,17.04,15.97,7.45,94.75,chickpea
10,11,14,16.87,91.37,6.45,112.25,orange
25,20,40,18.41,87.62,6.15,97.35,pomegranate
45,67,50,31.68,90.36,6.86,187.6,papaya
23,130,201,23.16,93.28,6.11,108.24,apple
39,62,22,19.94,20.71,6.13,95.19,kidneybeans
21,72,22,16.14,20.69,5.96,78.45,kidneybeans
108,13,49,25.02,86.21,6.89,47.44,watermelon
70,36,45,24.36,76.24,7.36,179.25,jute
29,23,31,27.86,47,6.12,89.12,mango
30,10,44,24.39,87.09,5.56,106.12,pomegranate
47,57,21,32.4,62.11,7.34,60.46,blackgram
110,41,21,25.05,83.76,7.2,98.6,cotton
24,61,16,18.39,23.62,6.07,85.63,kidneybeans
20,28,31,25.86,96.83,6.14,189.15,coconut
72,43,42,24.46,88.31,5.94,194.35,rice
14,76,21,23.34,67.14,5.92,48.53,lentil
99,54,16,24.82,55.49,5.53,76.18,maize
28,58,81,20.1,19.15,7.06,66.26,chickpea
113,12,48,28.41,94.09,6.12,28.58,muskmelon
13,15,14,34.92,91.88,6.9,117.13,orange
21,13,43,20.53,90.24,6.51,99.04,pomegranate
46,60,77,17.39,19.28,7.53,72.95,chickpea
14,59,19,24.49,67.1,6.34,47.76,lentil
89,42,21,22.28,68.27,6.91,96.63,maize
37,73,21,23.92,19.3,5.58,71.98,kidneybeans
25,5,30,28.97,92.66,6.4,196.89,coconut
117,7,49,28.03,92.49,6.46,25.19,muskmelon
109,17,48,24.52,80.03,6.45,45.29,watermelon
25,43,21,26.6,40.98,5.27,35.19,mothbeans
69,36,18,23.36,56.03,6.24,89.84,maize
67,58,21,21.61,64.24,6.92,67.67,maize
12,46,18,26.75,60.86,9.58,40.57,mothbeans
45,66,81,17.67,19.89,7.73,71.5,chickpea
57,68,18,32.37,60.37,6.97,65.04,blackgram
64,36,43,24.7,89.91,6.15,192.78,jute
40,62,51,29.18,90.07,6.54,122.26,papaya
32,75,20,21.34,18.5,5.75,78.09,kidneybeans
108,6,49,28.68,90.94,6.45,26.01,muskmelon
27,12,7,14.24,90,7.08,102.22,orange
53,70,19,29.73,68.55,6.84,73.04,blackgram
13,71,17,23.02,67.77,6.85,49.22,lentil
83,46,22,22.38,72.47,6.85,81.09,maize
22,52,17,29.13,46.5,9.26,61.87,mothbeans
25,13,43,19.2,93.08,6.54,103.34,pomegranate
24,42,16,25.34,43.68,9.82,57.78,mothbeans
89,16,53,25.37,86.98,6.39,42.4,watermelon
111,13,51,24.6,82.87,6.16,43.74,watermelon
22,48,24,27.98,80.23,7.29,56.54,mungbean
66,42,39,23.19,86.78,5.4,241.71,rice
80,14,50,29.62,90.42,6.68,26.8,muskmelon
34,61,15,31.75,51.43,7.01,180.35,pigeonpeas
92,43,36,24.79,81.6,5.24,239.42,rice
100,22,34,25.29,52.55,6.65,156.35,coffee
17,45,23,30.59,49.62,6.48,44.1,mothbeans
31,57,76,20.58,15.53,6.65,71.8,chickpea
83,73,51,26.7,82.08,6.06,95.12,banana
11,51,20,24.83,44.31,7.19,43.89,mothbeans
35,57,75,17.54,21.7,7.1,93.97,chickpea
27,66,25,21.17,61.43,6.28,54.28,lentil
120,16,54,25.95,88.56,6.11,45.22,watermelon
16,31,26,32.89,47.83,5.5,87.54,mango
74,45,39,26.31,79.04,6.79,199.12,jute
54,52,47,25.88,94.25,6.81,79.17,papaya
19,61,24,20.35,69.52,6.57,49.47,lentil
42,64,54,38.05,94.41,6.82,121.41,papaya
84,20,54,24.23,89.33,6.36,52.67,watermelon
42,70,82,20.22,16.16,7.65,79.95,chickpea
25,51,20,27.6,83.12,7.2,62.23,mungbean
87,10,52,29.27,93.33,6.23,25.88,muskmelon
31,68,25,16.11,20.96,5.54,97,kidneybeans
22,36,18,31.78,89.54,6.53,45.86,mungbean
59,54,47,30.86,91.36,6.54,214.33,papaya
39,67,19,21.1,61.45,6.7,132.28,pigeonpeas
39,49,20,24.68,53.72,5.97,53.21,mothbeans
110,31,34,26.91,53.62,7.2,182.09,coffee
26,50,17,30.13,85.72,6.28,46.19,mungbean
89,13,51,26.83,81.96,6.64,52.26,watermelon
28,133,202,15.23,81.38,5.77,70.36,grapes
49,72,85,17.51,14.83,7.45,82.35,chickpea
98,16,49,24.06,81.01,6.5,50.35,watermelon
30,22,26,29.17,54.36,6.28,92.3,mango
18,8,9,31.79,91.82,7.43,118.93,orange
27,13,12,32.43,94.51,6.49,119.05,orange
90,50,45,22.62,79.29,6.74,206.83,rice
62,50,42,20.12,82.68,5.45,257.42,rice
23,128,191,20.22,81.07,5.7,69.13,grapes
70,47,17,26.89,73.88,5.56,95.28,maize
19,52,18,25.52,44.62,5.72,47.9,mothbeans
13,73,17,19.65,64.94,7.33,43.18,lentil
116,37,20,23.38,81.72,7.4,79.42,cotton
79,52,37,21.35,75.61,5.34,213.43,rice
16,143,201,23.51,93.38,5.86,110.25,apple
15,10,6,31.62,92.47,6.86,111.39,orange
36,133,190,19.82,82.09,6.07,71.49,grapes
21,72,18,35.06,65.52,5.48,189.11,pigeonpeas
21,20,30,25.5,93.19,5.58,169.57,coconut
101,18,34,27.47,53.8,6.52,180.67,coffee
26,7,6,33.05,93.76,6.88,115.38,orange
21,16,12,26.66,94.35,7.31,111.58,orange
35,77,22,16.43,23.27,6.27,92.93,kidneybeans
130,56,18,23.57,78.57,7.17,61.77,cotton
84,14,48,24.48,85.45,6.53,41.14,watermelon
111,89,47,29.61,80.93,5.88,100.04,banana
98,74,48,27.55,76.47,6.11,101.31,banana
103,19,53,28.87,91.58,6.54,20.91,muskmelon
15,5,9,13.54,93.55,6.99,100.88,orange
13,125,196,11.64,82.93,5.94,65.34,grapes
15,56,20,27.95,87.2,6.77,57.09,mungbean
28,61,18,16.11,23.66,6.45,63.62,kidneybeans
16,117,195,10.44,83.55,6.03,66.44,grapes
65,59,41,21.6,85.08,6.24,222.98,rice
70,37,44,26.3,84.5,5.68,221.91,rice
43,47,55,29.22,94.35,6.5,44.42,papaya
18,39,19,30.41,49.8,8.38,38.76,mothbeans
41,70,17,29.83,64.29,6.57,61.59,blackgram
92,42,37,25.25,87.1,6.98,229.51,rice
14,39,24,31.4,89.07,7.49,49.17,mungbean
33,63,19,21.15,18.58,6.38,100.18,kidneybeans
30,56,22,26.21,63.03,7.03,68.47,blackgram
15,40,17,28.93,80.51,6.6,55.23,mungbean
67,59,43,26.58,88.42,6.2,290.62,rice
28,76,23,18.34,68.44,6.38,45.14,lentil
100,83,48,27.27,79.71,6.21,108.81,banana
32,77,22,16.21,24.32,5.57,86.7,kidneybeans
70,44,43,20.1,76.74,5.09,184.89,rice
59,55,50,43.79,91.07,6.71,101.28,papaya
90,48,17,26.1,62.68,6.32,105.32,maize
37,69,18,17.59,19.36,5.56,77.12,kidneybeans
99,86,49,25.94,80.08,6.03,106.21,banana
28,78,76,20.27,17.04,7.76,91.04,chickpea
35,61,76,19.41,19.35,7.24,78.9,chickpea
24,16,33,31.03,51.37,5.83,98.54,mango
84,15,47,29.36,91.25,6.42,23.5,muskmelon
80,10,51,25.13,85.35,6.88,53.69,watermelon
35,79,21,33.35,67.1,6.61,71.04,blackgram
115,83,50,27.89,82.49,6.46,91.47,banana
71,40,44,23.08,89.31,6.22,190.97,jute
96,23,34,23.25,52.73,6.12,192.16,coffee
24,21,29,29.55,99.7,5.76,152.3,coconut
129,38,20,23.12,76.61,6.35,65.24,cotton
25,36,15,28.41,50.95,8.95,39.82,mothbeans
27,72,77,19.14,14.77,6.9,87.68,chickpea
28,59,17,29.36,80.91,6.94,56.01,mungbean
42,61,49,43.63,93.33,6.98,82.3,papaya
39,46,20,25.97,51.77,7.8,57.54,mothbeans
104,42,24,22.29,83.76,6.55,76.33,cotton
28,57,23,29.92,87.3,6.55,57.82,mungbean
91,13,49,28.54,93.36,6.39,22.51,muskmelon
111,71,49,27.53,80.6,6.23,97.1,banana
22,119,204,22.35,94.45,6.44,101.07,apple
92,55,36,23.46,75.86,6.1,232.98,rice
93,17,53,27.97,94.19,6.1,28.38,muskmelon
65,57,41,24.75,86.84,6,190.43,rice
24,56,23,30.55,81.05,7.26,58.42,mungbean
91,18,45,24.23,82.74,6.2,43.48,watermelon
101,39,24,23.84,75.78,7.42,95.16,cotton
25,65,83,18.54,18.57,7.18,70.53,chickpea
107,14,54,25.33,85.99,6.48,53.99,watermelon
30,73,24,15.19,21.34,6.19,96.14,kidneybeans
91,10,52,25.1,85.55,6.1,52.08,watermelon
27,29,27,26.55,92.4,6.04,221.47,coconut
28,57,18,19.74,69.88,6.28,50.99,lentil
30,127,193,19.71,82.83,6.36,66.17,grapes
25,15,8,23.64,90.74,6.68,117.62,orange
64,56,16,21.58,70.95,5.72,71.46,maize
65,48,43,21.51,84.34,5.17,186.2,rice
66,53,22,18.24,59.44,5.85,93.59,maize
46,77,80,19.06,17.91,7.33,69.19,chickpea
98,45,45,26.34,77.94,5.14,192.09,rice
27,44,23,30.57,51.93,5.78,45.88,mothbeans
63,49,45,23.66,84.44,6.39,234.54,rice
101,17,53,25.74,87.81,6.19,40.75,watermelon
29,16,30,25.73,95.51,5.72,191.12,coconut
88,49,15,20.94,65.35,5.63,77.53,maize
90,37,21,20.21,62.79,5.93,77.78,maize
16,77,24,20.45,60.83,6.95,44.67,lentil
53,71,21,26.28,66.5,7.48,73.68,blackgram
77,36,18,22.87,67.67,5.89,66.97,maize
88,40,36,20.1,80.26,6.18,227.07,rice
83,60,39,24.83,76.49,6.27,157.16,jute
22,15,31,28.81,95.46,6.44,223.53,coconut
24,38,25,25.72,41.68,7.37,57.17,mothbeans
21,26,30,29.58,96.28,6.76,144.83,coconut
16,10,40,24.6,94.32,5.81,100.37,pomegranate
90,39,24,25.85,55.58,6.74,66.44,maize
38,60,79,18.66,20.62,7.47,88.08,chickpea
95,15,52,24.63,88.85,6.62,46.43,watermelon
21,66,22,29.53,56.91,4.74,194.66,pigeonpeas
113,19,54,26.73,85.12,6.36,46.98,watermelon
20,57,21,19.77,68.04,7.14,54.68,lentil
114,7,51,27.43,93.52,6.91,24.35,muskmelon
95,55,38,21.2,85.03,6.86,246.81,rice
96,33,35,27.05,68.81,6.21,153.56,coffee
11,70,23,18.12,60.49,6.65,52.29,lentil
29,70,15,28.26,64.69,6.65,74.77,blackgram
95,14,51,28.1,94.52,6.5,24.65,muskmelon
74,58,23,26.69,57.49,6.6,106.92,maize
21,68,17,36.44,34.53,5.71,171.17,pigeonpeas
99,39,41,22.67,89.55,6.68,280.6,rice
27,57,18,27.74,55.48,6.17,47.82,mothbeans
82,15,54,29.41,90.92,6.3,27.17,muskmelon
115,18,55,29.6,90.01,6.38,28.19,muskmelon
23,142,205,9.8,81.17,6.45,74.58,grapes
38,17,38,22.14,92.21,6.91,108.22,pomegranate
109,6,53,26.2,86.11,6.82,46.06,watermelon
92,55,41,24.83,87.29,7.39,151.19,jute
109,56,16,24.32,83.88,6.45,89.86,cotton
114,51,24,22.74,83.4,5.74,68.6,cotton
59,79,18,30.71,69.1,6.51,72.16,blackgram
27,14,35,20.82,91.49,6.55,104.57,pomegranate
33,79,23,15.24,24.29,6.28,99.02,kidneybeans
50,58,83,20.13,19.67,6.07,74.09,chickpea
70,61,50,39.08,94.2,6.9,43.47,papaya
49,75,77,19.02,20.73,7.47,81.27,chickpea
100,16,46,24.76,87.32,6.16,45.27,watermelon
94,6,53,29.73,94.1,6.13,29.98,muskmelon
73,55,15,21,62.96,6.31,105.99,maize
117,20,30,26.18,60.44,6.65,159.6,coffee
24,41,23,29.56,83.21,6.89,64.91,mungbean
20,65,80,17.08,16.08,7.52,69.11,chickpea
39,65,54,38.89,94.11,6.61,95.35,papaya
107,27,25,26.28,66.84,7.08,191.5,coffee
86,49,39,26.91,84.09,5.47,192.21,rice
105,16,52,28.41,91.94,6.38,26.4,muskmelon
80,49,40,21.37,85.84,5.56,182.92,rice
81,50,41,25.62,76.15,6.19,188.04,jute
100,43,17,24.36,77.54,6.02,79.53,cotton
35,73,20,19.3,44.84,7.26,154.29,pigeonpeas
41,71,17,27.12,60.41,6.82,68.4,blackgram
86,6,51,28.42,94.54,6.36,22.87,muskmelon
25,24,27,28.64,97.48,6.1,151.04,coconut
75,59,42,24.19,77.34,5.31,186.97,rice
17,10,5,24.96,94.27,6.57,114.8,orange
25,28,33,27.3,48.67,5.86,93.95,mango
15,37,34,28.77,51.14,5.63,92.83,mango
97,16,47,27.66,90.81,6.37,28.47,muskmelon
94,59,36,26.49,82.38,5.52,235.1,rice
36,131,197,22.1,92.78,6.24,104.4,apple
32,58,19,27.6,85.12,6.52,52.5,mungbean
61,59,49,29.49,92.51,6.67,198.97,papaya
99,88,46,25.97,77.15,6.24,93.78,banana
26,69,24,30.83,67.18,6.87,61.39,blackgram
104,12,54,27.1,93.22,6.76,27.59,muskmelon
21,116,202,23.4,92.17,6.43,111.81,apple
14,14,27,25.53,99.07,7,146.41,coconut
42,65,53,26.05,92.32,6.89,110.84,papaya
29,56,20,30.59,34.74,5.37,133.76,pigeonpeas
85,50,45,26.55,78.22,6.56,164.84,jute
20,115,197,22.72,91.16,6.01,117.76,apple
23,131,199,21.1,90.66,6.32,119.92,apple
68,39,17,25.33,68.3,6.28,77.94,maize
37,55,24,28,82.84,6.43,52.54,mungbean
36,117,204,23.95,90.44,5.79,107.45,apple
22,58,15,24.37,62.7,7.14,54.99,lentil
10,139,193,18.31,81.68,6.09,68.16,grapes
63,53,36,25.75,85.59,5.16,190.18,rice
102,15,48,25.44,86.17,6.4,42.98,watermelon
20,77,24,18.61,69.36,7.15,51.87,lentil
31,119,198,23.34,91.64,5.99,118.82,apple
38,116,198,17.93,84.6,5.55,70.73,grapes
29,75,78,20.29,17.39,7.34,67.87,chickpea
97,40,21,26.24,55.68,6.55,74.87,maize
93,89,55,27.19,83.61,6.07,93.14,banana
20,65,22,18.16,18.71,5.86,73.52,kidneybeans
19,15,13,10.14,94.96,6.27,109.4,orange
12,22,27,31.1,54.08,5.66,99.41,mango
101,30,32,23.13,61.41,7.33,150.87,coffee
40,58,47,38.62,92.64,6.71,96.45,papaya
23,132,198,8.65,83.08,6.33,66.58,grapes
14,121,191,17.76,83.11,6.01,73.17,grapes
19,13,28,26.06,92.66,5.64,164.69,coconut
121,48,23,23.26,79.82,7.44,86.89,cotton
74,42,40,20.99,87.03,5.15,298.43,rice
31,62,19,35.01,56.66,6.86,139.98,pigeonpeas
34,71,17,32.49,65.46,6.7,64.38,blackgram
56,71,81,17.27,18.15,6.3,87.12,chickpea
20,68,21,19.2,61.98,6.14,48.9,lentil
29,68,18,15.66,19.6,5.75,84.2,kidneybeans
18,139,201,23.8,91.7,5.61,110.13,apple
26,12,44,22.72,85.65,6.2,98.6,pomegranate
38,16,42,23.77,91.48,6.95,105.71,pomegranate
79,53,38,24.26,71.21,7.03,178.39,jute
107,20,47,28.87,92.3,6.04,20.14,muskmelon
30,59,16,18.36,36.63,7.17,116.57,pigeonpeas
98,48,42,23.4,77.61,7.15,185.35,jute
67,49,38,24.29,77.03,6.09,199.3,jute
15,33,25,27.85,45.07,5.73,86.38,mango
38,13,42,24.32,85.99,5.85,105.63,pomegranate
24,56,16,26.68,41.68,9.84,59.51,mothbeans
21,66,23,33.85,60.87,7.04,73.7,blackgram
96,43,39,20.66,83.67,5.07,235.87,rice
16,69,21,20.5,64.47,7.43,45.66,lentil
39,74,18,28.18,69.25,6.56,67.28,blackgram
32,51,24,30.57,54.17,7.77,61.95,mothbeans
17,130,196,15.62,84.9,5.85,69.52,grapes
115,6,47,26.09,84.09,6.88,44.47,watermelon
35,40,20,31,81.8,6.16,62.67,mungbean
130,46,21,24.75,80.13,6.45,85.8,cotton
38,68,52,29.92,91.95,6.87,166.31,papaya
94,9,49,24.06,87.72,6.17,40.66,watermelon
25,27,31,31.11,53.94,6.25,101.84,mango
109,93,54,29.73,77.45,5.63,96.05,banana
20,70,15,17.76,22.95,5.56,101.97,kidneybeans
31,44,24,30.63,81.13,6.61,62.73,mungbean
90,7,48,27.53,90.14,6.91,20.08,muskmelon
28,15,27,26.43,94.55,5.94,153.36,coconut
28,77,23,20.74,24.69,5.7,65.46,kidneybeans
20,7,44,22.45,86.65,6.14,99.31,pomegranate
32,66,22,31.93,69.87,6.73,69.93,blackgram
55,71,24,31.24,61.31,6.81,63.03,blackgram
108,18,47,26.75,88.15,6.98,53.2,watermelon
82,87,54,25.81,83.12,6.35,108.29,banana
35,10,39,20.22,89.67,5.93,109.42,pomegranate
90,25,34,27.69,69.85,7.44,150.3,coffee
46,54,52,32.81,94.06,6.58,205.89,papaya
78,44,40,25.99,88.04,6.07,176.21,jute
11,13,30,26.02,93.01,5.8,207.43,coconut
27,9,6,25.68,91.68,7.01,100.64,orange
14,23,33,27.06,97.46,6.11,197.84,coconut
115,17,54,24.3,82.65,6.5,52.7,watermelon
39,136,204,22.22,93,6.48,112.84,apple
64,46,49,30.77,91.42,6.96,197.69,papaya
87,12,53,29.85,93.17,6.35,26.03,muskmelon
119,5,52,27.76,90.2,6.4,29.35,muskmelon
118,45,21,22.97,75.52,7.38,67.47,cotton
15,139,202,10.16,81.99,5.67,67.55,grapes
80,56,39,26.94,85.41,7.45,175.72,jute
88,40,44,26.71,89.52,7.41,163.59,jute
17,133,196,15.63,82.69,5.7,66.56,grapes
13,61,23,19.47,60.73,6.91,46.04,lentil
82,57,39,20.94,75.43,6.51,254.44,rice
23,21,26,27.53,48.05,5.74,88.48,mango
30,62,18,20.48,65.65,6,53.73,lentil
17,129,197,20.83,93.31,6.41,108.08,apple
25,38,25,28.25,80.73,6.99,56.91,mungbean
29,8,30,26.29,97.55,6.58,144.09,coconut
90,38,44,23.54,87.4,5.64,287.46,rice
93,60,20,19.55,60.45,5.53,105.71,maize
14,20,32,28.98,49.39,6.67,100.68,mango
37,19,35,18.53,87.5,6.5,108.32,pomegranate
129,59,24,25.05,80.2,5.91,81.81,cotton
29,79,17,24.12,67.37,6.01,41.01,lentil
109,7,54,29.68,93.27,6.67,20.05,muskmelon
16,13,12,11.06,90.06,6.69,102.64,orange
15,124,196,13.26,81.4,6.47,66.53,grapes
39,46,18,30.39,48.16,5.45,41.98,mothbeans
101,36,26,25.63,60.79,7.29,154.88,coffee
38,72,23,24.84,20.02,6.46,79.47,kidneybeans
23,60,23,23.07,18.84,5.77,60.88,kidneybeans
90,76,50,29.43,78.78,6.25,91.94,banana
95,18,55,25.32,83.93,6.85,46.4,watermelon
27,60,16,23.96,61.57,7.45,52.64,lentil
13,79,25,19.15,62.99,5.7,44.08,lentil
110,29,26,23.93,54.39,6.39,178.27,coffee
35,75,20,20.67,56.85,6.36,171.65,pigeonpeas
46,56,53,26.39,91.46,6.84,106.25,papaya
68,53,52,24.68,91.21,6.89,151.02,papaya
26,9,5,22.39,90.5,7.13,105.52,orange
17,57,18,28.1,81.38,7.29,55,mungbean
80,54,22,22.01,60.47,7,81.31,maize
108,8,51,27.76,94.78,6.03,22,muskmelon
24,26,26,33.37,45.31,6.81,87.77,mango
88,53,39,22.06,87.14,6.62,284.05,rice
43,64,21,25.68,68.97,6.62,64.92,blackgram
89,57,40,23.72,76.61,5.89,243.91,rice
73,54,17,25.36,71.64,6.26,60.32,maize
17,129,190,18.89,82.07,5.77,67.07,grapes
26,68,18,19.06,62.85,6.25,51.34,lentil
88,45,43,25.71,83.96,6.8,194.26,jute
119,51,16,23.01,84.19,6.84,60.54,cotton
110,31,27,23.26,63.66,6.38,174.98,coffee
86,72,53,28.76,82.53,6.22,103.39,banana
23,39,32,27.47,53.84,6.79,93.87,mango
86,9,48,25.57,86.64,6.38,50.79,watermelon
13,6,11,12.84,90.69,6.45,105.63,orange
98,14,46,24.57,88.59,6.26,45.7,watermelon
19,48,23,31.92,62.24,5.91,40.85,mothbeans
38,71,17,34.4,65.44,5.09,171.12,pigeonpeas
109,46,17,24.38,77.51,6.17,78.85,cotton
137,58,20,23.22,79.6,5.87,85.45,cotton
24,126,205,21.78,93.78,6.25,105.31,apple
22,71,18,22.29,22.57,6.35,94.62,kidneybeans
134,50,20,23.63,79.97,5.58,95.71,cotton
27,34,34,31.45,46.31,6.54,89.12,mango
89,57,44,25.46,84.63,5.17,199.4,rice
39,130,204,22.83,93.61,5.59,104.4,apple
35,129,196,10.66,82.13,6.04,65.23,grapes
36,127,202,22.23,94.26,5.82,110.47,apple
31,71,18,34.98,62.64,6.78,73.96,blackgram
32,8,39,21.51,92.25,5.67,101.1,pomegranate
51,57,52,25.13,91.64,6.54,55.41,papaya
97,38,24,24.19,56.36,5.95,95.41,maize
16,29,34,25.42,95.17,5.84,171.08,coconut
18,28,27,32.97,53.53,5.89,94.83,mango
19,125,199,21.39,93.82,5.6,107.02,apple
18,132,196,24.11,80.63,6.47,67.31,grapes
24,17,6,16.27,94.47,7.07,112.79,orange
24,14,41,23.2,87.8,6.35,96.32,pomegranate
32,78,24,24.5,51.11,5.13,199.52,pigeonpeas
34,9,36,18.92,93.59,6.45,98.8,pomegranate
82,93,50,28.07,79.82,5.59,105.36,banana
116,94,54,25.55,84.47,5.92,90.19,banana
27,49,20,24.56,42.25,7.41,45.23,mothbeans
35,79,22,25.83,68.63,6.98,61.03,blackgram
18,40,23,31.55,83.7,7.13,62.94,mungbean
60,78,80,20.37,18.17,7.25,67.67,chickpea
57,70,20,27.5,63.43,7.35,68.39,blackgram
109,36,29,25.82,54.55,6.93,150.61,coffee
102,38,24,24.21,82.96,6.17,83.71,cotton
22,39,30,35.15,45.83,5.79,93.82,mango
56,58,49,35.46,91.17,6.97,163.65,papaya
19,17,13,32.99,92.67,6.15,111.77,orange
117,56,15,22.45,84.91,6.06,99.02,cotton
24,14,37,23.63,94.67,5.9,102.42,pomegranate
34,145,194,15.43,82.6,5.79,65.15,grapes
120,85,49,26.13,77.57,5.98,97.35,banana
85,48,24,25.1,58.03,5.97,72.42,maize
13,11,30,29,90.36,6.98,175.49,coconut
21,49,16,27.41,60.81,8.74,41.73,mothbeans
14,35,33,31.38,47.98,6.46,90.76,mango
16,33,34,28.73,45.98,6.85,92,mango
19,128,199,22.3,92.92,6.25,110.2,apple
91,16,49,29.03,92.38,6.99,27.29,muskmelon
22,78,21,19.22,63.79,7.19,49.66,lentil
31,11,36,22.66,90.25,6.46,100.07,pomegranate
82,77,52,27.67,84.44,5.9,103.88,banana
17,135,198,22.56,93.04,5.65,104.13,apple
13,8,14,19.82,90.02,6.41,111.95,orange
40,69,45,43.53,90.02,6.94,104.54,papaya
13,59,22,22.5,67.83,7.37,50.38,lentil
128,46,20,22.59,76.4,6.67,99.4,cotton
80,20,33,26.35,67.89,6.09,179.85,coffee
11,19,26,29.52,99.07,6.55,222.62,coconut
13,59,23,22.31,60.45,6.75,44.63,lentil
31,134,197,20.12,92.17,6.07,117.53,apple
100,15,55,27.17,92.87,6.86,24.81,muskmelon
47,78,21,26.26,65.82,7.27,66.1,blackgram
54,72,19,34.53,67.19,7.43,67.91,blackgram
36,72,16,23.49,42.39,5.25,146.65,pigeonpeas
55,71,78,20.26,20.89,7.69,92.57,chickpea
79,45,38,20.39,87.97,6.63,299.97,rice
129,40,24,25.31,76.64,7.24,70.89,cotton
32,70,21,22.6,58.56,4.77,111.92,pigeonpeas
39,71,17,20.01,22.76,5.58,73.74,kidneybeans
69,36,22,21.32,72.29,6.21,108.41,maize
86,94,47,27.44,78.64,6.14,92.58,banana
88,54,40,26.7,86.5,7.27,183.65,jute
17,8,5,19.64,94.52,6.36,104.13,orange
42,61,46,29.58,90.75,6.79,178.97,papaya
14,13,35,27.6,94.01,6.28,207.9,coconut
22,41,16,26.52,42.42,4.65,64.62,mothbeans
96,44,36,21,86.42,6.24,192.13,rice
23,131,196,20.59,83.92,6.26,72.23,grapes
13,59,20,18.57,61.96,7.39,54.65,lentil
57,46,51,26.21,94.15,6.68,99.13,papaya
58,55,77,17.03,19.18,7.8,72.3,chickpea
38,59,78,18.74,14.71,6.44,82.95,chickpea
29,142,202,21.9,94.27,5.97,117.37,apple
91,15,53,24.92,80.36,6.93,45.18,watermelon
94,43,37,23.9,89.04,6.39,248.41,rice
62,63,46,35.21,90.65,6.98,210.4,papaya
14,59,18,30.31,87.52,7.22,63.91,mungbean
64,55,37,23.15,73.71,7.15,170.26,jute
67,57,48,25.98,90.02,6.77,62.5,papaya
39,19,37,18.85,85.85,6.86,97.9,pomegranate
32,123,201,22.13,90.69,6.09,106.3,apple
95,44,41,24.73,79.18,7.45,164.81,jute
28,58,17,32.69,64.26,7.07,60.32,blackgram
87,37,15,20.32,64.25,6.8,96.36,maize
25,17,41,21.87,86.15,5.69,102.94,pomegranate
39,63,19,27.61,67.64,7.13,101.28,pigeonpeas
97,9,54,28.81,93.07,6.53,20.92,muskmelon
10,58,23,30.71,81.68,6.18,46.35,mungbean
31,62,19,34.99,60.55,7.08,61.24,blackgram
95,48,35,25.87,72.2,7.18,158.41,jute
11,10,32,26.63,96.68,6.58,188.12,coconut
54,62,19,25.4,64.49,7.08,68.56,blackgram
140,40,16,22.57,81.61,6.82,93.92,cotton
91,13,51,26.78,86.45,6.41,53.96,watermelon
21,79,20,25.78,62.44,7.01,126.54,pigeonpeas
110,78,48,29.19,75.72,6.38,95.13,banana
19,125,199,22.05,94.65,6.37,102.69,apple
33,118,204,20.86,91.02,5.68,100.28,apple
18,71,16,23.76,62.35,6.8,46.08,lentil
66,50,55,26,90.51,6.56,160.36,papaya
14,57,25,27.89,87.22,6.06,53.11,mungbean
88,58,22,19.37,66.53,6.41,81.21,maize
26,63,22,33.52,37.26,5.61,189.21,pigeonpeas
89,30,25,27.66,60.46,6.06,167.12,coffee
19,16,10,15.7,91,6.64,115.11,orange
19,16,44,24.57,93.05,6.78,103.26,pomegranate
24,40,22,29.78,83.59,7.37,45.42,mungbean
81,27,26,23.93,61.21,7.3,194.14,coffee
79,50,39,23.24,86.21,5.07,210.29,rice
24,60,17,19.97,64.11,5.97,40.29,lentil
28,27,34,26.35,90.35,5.89,157.87,coconut
98,25,31,25.46,56.07,6.84,183.47,coffee
25,62,23,29.72,62.27,6.67,64.99,blackgram
27,56,15,26.04,33.38,6.32,186.91,pigeonpeas
15,135,199,18.94,80.44,6.39,68.89,grapes
93,9,50,24.07,80.8,6.42,54.14,watermelon
12,11,6,12.47,92.08,6.46,118.51,orange
63,44,36,26.04,84.35,5.66,187.63,rice
36,69,20,19.33,18.31,5.67,82.28,kidneybeans
37,73,83,17.64,18.88,6.27,87.54,chickpea
106,33,31,23.72,58.91,6.53,174.78,coffee
117,79,49,26.92,83.37,6.15,102.28,banana
20,27,33,34.39,50.54,5.77,94.36,mango
104,13,52,28.49,90.16,6.61,27.16,muskmelon
15,11,11,28.88,94.51,7.37,115.53,orange
93,55,41,24.46,76.08,6.01,191.68,jute
72,36,44,25.34,75.96,6.22,191.48,jute
116,9,48,27.16,93.98,6.42,22.29,muskmelon
34,53,21,27.78,85.47,6.13,52.55,mungbean
118,56,17,23.06,79.45,6.92,75.04,cotton
38,137,200,22.28,93.46,6.09,117.57,apple
116,21,31,26.22,53.37,7.46,174.41,coffee
22,49,17,30.46,81.68,6.47,55.07,mungbean
17,74,23,20.8,69.47,6.31,51.58,lentil
80,19,51,27.97,91.23,6.01,22.35,muskmelon
81,50,21,18.82,72.55,5.9,66.48,maize
20,80,16,20.12,66.38,6.2,53.93,lentil
30,18,34,27.04,99.99,6.37,134.23,coconut
20,79,82,18.41,16.37,6.7,88.24,chickpea
33,74,19,20.94,18.07,6.14,105.66,kidneybeans
96,28,33,27.39,52.08,6.58,188.81,coffee
81,81,54,26.51,75.95,6.26,102.12,banana
15,56,18,31.42,64.25,7.21,39.29,mothbeans
109,8,45,26.15,81.71,6.1,43.56,watermelon
83,71,47,29.41,79.16,6.22,108.37,banana
43,64,23,27.38,62.24,7,63.91,blackgram
118,18,32,27.25,69.09,6.32,175.2,coffee
20,70,18,26.55,68.3,5.7,182.38,pigeonpeas
69,60,43,26.16,76.6,6.8,156.86,jute
26,66,20,27.59,63.16,6.59,64.55,blackgram
17,127,203,20.32,82.02,5.71,68.56,grapes
18,122,190,10.22,81.55,5.62,74.86,grapes
70,62,52,23.8,93.03,6.74,62.21,papaya
14,15,31,29.85,54.73,5.79,91.92,mango
23,50,25,30.16,49.95,8.88,40.12,mothbeans
99,41,42,25.33,78.56,6.46,224.13,rice
35,68,20,19.92,22.04,6.37,109.04,kidneybeans
19,129,196,22.68,84.65,5.8,73.64,grapes
108,16,52,24,89.54,6.81,53.56,watermelon
27,18,9,10.44,94.31,6.26,112.44,orange
110,58,16,23.71,80.32,7.3,99.91,cotton
36,77,24,19.31,20.23,6.08,78.56,kidneybeans
28,57,23,23.43,47.31,6.56,126.57,pigeonpeas
33,73,15,22.14,56.47,5.95,90.58,pigeonpeas
57,57,84,18.41,14.81,6.97,72.7,chickpea
35,20,44,22.2,90.3,5.54,98.7,pomegranate
30,140,190,14.85,84.54,6.24,70.43,grapes
27,22,27,25.95,99.27,5.55,176.25,coconut
105,84,52,26.68,82.65,5.93,99.68,banana
19,14,42,20.65,88.03,6.19,107.27,pomegranate
81,50,42,23.02,76.91,5.57,223.57,rice
112,76,54,29.55,84.43,6.02,103.54,banana
84,80,48,27.85,83.61,5.58,91.45,banana
87,87,50,26,78.2,6.09,91.44,banana
109,46,21,25.55,78.26,5.77,79.57,cotton
117,14,52,25.21,89.09,6.64,51.54,watermelon
16,41,18,30.21,86.01,7.04,52.25,mungbean
24,31,31,29.54,48.78,5.65,99.38,mango
12,11,40,21.05,92.49,6.74,106.57,pomegranate
112,8,45,28.89,94.88,6.33,21.19,muskmelon
14,11,10,30.26,94.2,7.36,110.18,orange
69,36,15,26.89,63.56,6.08,93.98,maize
104,93,52,27.07,81.9,5.84,95.55,banana
79,56,43,26.66,75.96,7.42,157.58,jute
112,38,29,24.83,66.04,6.79,184.22,coffee
38,68,15,31.39,60.81,6.94,64.39,blackgram
19,40,23,26.02,61.64,4.17,38.78,mothbeans
101,5,48,29.03,92.42,6.98,28.74,muskmelon
50,70,24,25.5,62.57,6.97,63.4,blackgram
32,138,191,16.74,81.16,5.68,73.1,grapes
24,123,198,8.52,80.66,6.39,72.52,grapes
123,58,23,25.58,75.12,7.43,78.94,cotton
13,145,192,9.23,84.39,5.8,71.5,grapes
21,65,16,18.43,44.42,6.85,152.28,pigeonpeas
17,19,14,16.05,93.99,6.65,118.35,orange
39,59,19,29.83,48.65,7.86,59.16,mothbeans
19,35,33,32.89,47.28,5.91,91.3,mango
68,41,37,24.58,83.08,6.66,188.8,jute
28,19,30,32.45,51.92,6.07,102.38,mango
28,66,20,18.54,66.71,7.14,43.67,lentil
22,43,20,30.1,43.15,4.78,63.54,mothbeans
26,47,24,27.36,82.81,6.52,60.65,mungbean
62,54,45,30.63,93.05,6.56,234.05,papaya
10,17,9,24.51,90.37,6.26,117.79,orange
106,70,52,28.09,78.1,5.59,91.82,banana
11,25,33,26.19,93.24,6.22,189.67,coconut
13,19,35,33.24,53.01,6.1,91.73,mango
42,58,22,32.95,61.63,6.6,62.18,blackgram
65,58,24,22.67,66.83,6.1,62.74,maize
94,9,52,29.31,91.22,6.05,28.49,muskmelon
36,76,16,34.35,67.51,7.44,70.15,blackgram
63,37,39,26.26,87.76,6.37,178.72,jute
82,91,45,26.84,80.42,5.65,104.93,banana
18,5,7,26.31,93.06,7.18,105.08,orange
13,80,23,19.97,60.7,5.61,41.81,lentil
67,47,19,26.23,62.25,6.37,91.61,maize
25,43,19,30.23,87.45,6.35,53.11,mungbean
119,54,17,22.88,84.47,7.41,99.62,cotton
113,59,17,23.24,80.1,7.23,76.67,cotton
84,32,25,26.09,52.81,7.42,196.65,coffee
39,40,23,28.67,87.31,6.63,56.57,mungbean
29,72,21,15.72,22.78,5.74,95.7,kidneybeans
44,68,78,19.26,19.51,7.75,84.09,chickpea
39,45,16,30.36,87.29,6.86,49.14,mungbean
13,13,40,19.01,89.42,6,102.83,pomegranate
28,65,21,21.01,64.38,6.12,51.43,lentil
20,69,17,23.56,64.86,6.17,41.6,lentil
86,42,45,25.17,83.32,6.22,230.35,rice
90,19,46,26.95,88.6,6.69,54.08,watermelon
95,43,41,23.31,75.16,6.14,165.76,jute
33,12,38,23.68,93.67,6.51,95.7,pomegranate
21,57,15,18.72,64.1,7.37,49.56,lentil
31,73,16,25.49,63.86,6.85,64.73,blackgram
34,131,195,10.32,84.44,5.97,73.78,grapes
21,37,26,34.4,47.1,6.09,91.33,mango
84,36,41,21.19,75.98,6.9,295.88,rice
84,37,42,26.98,86.38,6.83,174.24,jute
113,94,53,28.02,79.93,5.54,109.69,banana
126,38,17,22.99,84.74,6.29,83.96,cotton
91,54,43,23.02,80.02,7.06,157.77,jute
37,66,81,20.77,15.93,6.24,70.92,chickpea
30,29,27,25.91,95.66,6.46,203.94,coconut
27,50,24,29.88,83.45,7.2,55.81,mungbean
35,78,19,22.92,47.38,6.67,91,pigeonpeas
100,92,47,25.39,78.56,6.25,101.01,banana
96,75,46,27.95,84.89,5.67,90.93,banana
22,66,20,18.05,64.23,6.94,46.64,lentil
13,53,18,27.03,84.03,6.35,61.38,mungbean
67,56,54,32.43,94.9,6.98,109.12,papaya
38,69,17,15.13,21.92,6.03,95.97,kidneybeans
113,7,50,26.09,85.87,6.83,41.08,watermelon
26,27,31,29.84,99.96,5.67,214.95,coconut
38,73,21,16.11,21.13,5.96,103.23,kidneybeans
85,57,21,20.1,55.49,6.81,61.06,maize
15,36,28,35.76,54.8,5.9,85.82,mango
14,129,204,11.16,84.89,6.49,70.56,grapes
19,41,19,25.92,56.81,8.87,55.19,mothbeans
69,65,47,28.83,91.65,6.83,198.97,papaya
21,8,13,17.74,94.61,6.99,108.73,orange
80,56,42,21.14,76.06,6.28,183.18,rice
17,9,31,28.33,97.13,6.82,167.12,coconut
53,61,17,30.05,67.69,6.56,68.65,blackgram
19,75,19,23.57,65.95,7.27,46.16,lentil
81,12,50,24.96,81.32,6.38,50.08,watermelon
12,33,34,29.31,45.21,5.83,86.13,mango
18,27,29,30.27,45.52,6.53,93.72,mango
21,77,19,28.29,68.72,4.7,161.31,pigeonpeas
19,6,40,18.4,86.11,5.83,101.97,pomegranate
30,41,23,30.8,83.13,6.62,49.19,mungbean
25,69,21,15.73,22.36,6.48,69.51,kidneybeans
25,54,20,27.87,60.96,5.85,60.79,mothbeans
28,15,28,26.17,95.33,5.67,184.93,coconut
36,61,21,24.95,23.99,6.02,63.18,kidneybeans
74,59,38,23.63,85.55,5.73,296.61,rice
25,43,16,31.77,80.6,6.45,50.96,mungbean
97,46,45,26.75,87.8,5.59,226.21,rice
18,19,42,22.04,91.48,5.54,104.27,pomegranate
94,41,39,24.99,80.67,6.99,152.08,jute
14,62,22,24.76,69.16,6.51,51.93,lentil
11,46,17,24.4,58.11,4.23,53.25,mothbeans
27,71,17,21.64,66.73,4.81,145.66,pigeonpeas
18,5,42,18.23,90.95,6.31,109.53,pomegranate
35,38,22,28.25,47.2,6.7,44,mothbeans
39,65,24,33.94,63.36,7.12,73.9,blackgram
41,65,49,24.96,92.42,6.55,67.08,papaya
107,21,29,23.08,53.03,6.14,161.99,coffee
81,92,47,26.14,77.8,5.63,102.79,banana
24,35,32,32.31,49.5,6.79,104.14,mango
60,56,82,20.93,15.91,6.28,68.64,chickpea
84,14,50,29.82,90.61,6.21,20.3,muskmelon
18,19,30,34.21,49.42,6.24,101.98,mango
44,78,17,32.52,65.68,6.77,67.12,blackgram
112,15,45,28.28,90.99,6.91,21.75,muskmelon
21,76,21,28.7,54.98,7.09,154.56,pigeonpeas
69,59,23,18.8,63.35,6.82,107.24,maize
16,11,11,25.59,92.41,6.6,119.72,orange
13,19,43,21.22,87.24,6.9,100.17,pomegranate
17,20,15,12.87,93.63,6.08,100.6,orange
14,75,24,20.02,69.52,5.6,42.25,lentil
112,13,45,25.29,84.08,6.11,50.14,watermelon
24,45,23,27.73,85.06,6.09,46.42,mungbean
28,10,33,27.28,93.28,5.74,146.76,coconut
20,39,23,27.61,86.35,6.19,46.41,mungbean
19,26,31,26.46,94.21,6.56,227.33,coconut
17,55,24,24.76,51.25,5.69,61.12,mothbeans
36,58,19,24.4,40.98,7.23,46.79,mothbeans
53,69,47,38.11,93.07,6.84,113.76,papaya
23,19,26,25.56,90.72,6.62,201.19,coconut
82,55,44,22.23,76.65,5.46,231.25,rice
70,53,24,25.47,62.94,6.5,70.25,maize
103,11,54,26.33,82.85,6.84,46.49,watermelon
27,125,195,18.96,84.26,6.11,73.53,grapes
95,27,29,26.25,57.12,7.45,196.81,coffee
31,14,38,20.88,87.18,6.95,96.96,pomegranate
12,19,45,18.54,90.32,5.96,100.89,pomegranate
26,63,82,18.9,17.01,6.79,78.78,chickpea
82,53,17,26.97,74.5,6.48,69.98,maize
28,28,27,35.3,52.57,6.6,99.18,mango
27,16,36,19.6,93.82,5.53,106.29,pomegranate
17,45,16,27.74,82.98,6.13,63.22,mungbean
132,40,17,23.36,78.18,7.41,91.56,cotton
33,46,19,31.67,82.51,6.18,56.69,mungbean
71,55,18,22.1,55.23,5.61,79.62,maize
38,66,25,16.41,19.41,5.68,104.7,kidneybeans
32,72,23,33.25,68.44,6.11,143.73,pigeonpeas
65,43,41,23.75,86.01,7.46,160.74,jute
101,19,25,25.12,52.74,6.24,153.85,coffee
102,59,23,23.96,75.87,6.68,90.35,cotton
61,47,44,24.45,88.65,6.95,196.71,jute
109,46,25,25.4,76.45,5.56,97.34,cotton
15,52,17,25.75,61.85,5.12,42.9,mothbeans
87,11,53,25.39,85.38,7,45.99,watermelon
100,80,52,27.1,84.61,6.1,106.15,banana
23,60,24,32.25,66.33,6.78,155.69,pigeonpeas
74,36,25,25.95,73.56,6.99,68.69,maize
35,125,194,12.46,82.52,6.24,70.03,grapes
25,26,33,32.57,46.13,5.73,93.74,mango
97,55,41,26.1,87.06,5.37,287.11,rice
29,141,204,21.8,90.08,5.93,112.12,apple
102,94,49,26.63,81.07,6.43,106.74,banana
109,40,28,27.16,63.95,7.04,166.29,coffee
34,43,17,24.68,51.67,6.63,60.23,mothbeans
20,121,195,21.2,93.74,6.29,104.05,apple
35,40,25,28.88,83.39,6.09,54.72,mungbean
115,54,24,25.02,77.27,7.28,75.5,cotton
11,11,29,28.65,96.24,5.86,180.33,coconut
86,82,52,29.33,81.26,6.17,92.53,banana
108,49,23,25.07,83.03,7.26,97.51,cotton
37,116,202,23.04,94.77,5.55,111.94,apple
35,18,39,18.63,89.38,5.85,99.37,pomegranate
103,16,30,26.05,53.83,6.41,182.02,coffee
52,66,80,17.53,14.64,7.46,79.89,chickpea
27,10,6,26.84,90.04,6.71,103.86,orange
38,56,19,33.26,67.01,6.96,60.83,blackgram
123,56,17,25.14,80.96,7.29,66.88,cotton
24,56,81,19.43,18.37,6.46,76.73,chickpea
97,57,38,24.62,87.26,6.11,243.56,rice
98,46,43,26.77,87.54,6.31,174.8,jute
50,47,45,37.6,92.19,6.78,157.11,papaya
39,62,16,29.38,54.95,6.45,119.41,pigeonpeas
100,25,33,26.82,52.68,6.13,195.41,coffee
89,9,47,26.16,87.7,6.46,50.71,watermelon
34,57,80,17.27,20.4,6.47,81.2,chickpea
64,50,45,20.98,82.77,6.75,268.89,rice
28,18,13,24.09,90.6,6.8,107.14,orange
56,73,21,32.98,68.64,6.96,67.13,blackgram
120,71,52,27.21,84.49,5.75,100.64,banana
84,8,50,24.06,82.53,6.52,40.22,watermelon
38,67,16,25.37,62.14,7.21,112.38,pigeonpeas
112,52,21,23.75,80.4,5.9,77.23,cotton
61,51,39,25.69,81.77,6.34,192.36,jute
105,21,26,23,62.17,6.54,187.62,coffee
36,39,24,27.07,85.12,7.15,63.7,mungbean
112,83,48,25.31,76.62,6.4,103.72,banana
21,52,20,29.09,83.58,6.89,56.51,mungbean
62,59,38,26.49,77.78,6.18,154.02,jute
23,138,200,18.8,84.55,5.52,70.57,grapes
14,27,32,33.93,50,5.96,104.47,mango
96,18,45,27.51,90.15,6.33,29.08,muskmelon
21,137,196,23.82,90.97,6.38,116.19,apple
126,44,18,24.31,84.34,5.57,90.77,cotton
103,17,48,26.15,81.35,6.29,42.17,watermelon
112,26,26,25.17,59.15,6.83,155.28,coffee
15,63,16,22.59,60.4,6.7,53.05,lentil
18,16,14,20.34,92.12,7.05,118.86,orange
96,59,24,25.29,68.1,6.33,64.35,maize
51,51,52,34.88,90.39,6.58,121.49,papaya
30,17,41,23.19,91.62,6.03,107.13,pomegranate
63,48,53,24.44,90.06,6.95,162.08,papaya
24,20,25,28.81,46.79,6.01,93.37,mango
30,80,22,19.71,67.99,5.71,51.71,lentil
63,53,53,38.94,91.49,6.71,79.05,papaya
131,46,24,22.6,77.79,5.69,68.44,cotton
26,67,19,18.76,68.76,7.07,42.52,lentil
121,45,25,23.34,82.79,7.21,77.42,cotton
22,16,42,24.93,87.78,6.25,99.94,pomegranate
29,29,33,26.82,90.73,6.35,185.87,coconut
77,53,17,18.99,62.09,5.93,74.82,maize
83,42,43,21.31,79.86,5.85,240.91,rice
73,43,41,23.73,75.7,6.62,167.68,jute
23,46,22,28.59,56.68,8.55,60.87,mothbeans
13,31,32,35.39,47.79,6.93,86.27,mango
28,121,194,10.95,84.79,6.35,67.3,grapes
128,50,16,25.85,76.23,6.01,92.55,cotton
10,9,31,28.52,92.02,6.5,148.25,coconut
67,37,22,23.17,71.84,5.71,99.76,maize
87,7,51,27.28,93.77,6.02,22.49,muskmelon
105,20,48,29.11,91.11,6.26,25.12,muskmelon
28,13,11,27.7,94.16,6.18,116.2,orange
26,39,18,29.31,64.13,3.83,61.71,mothbeans
11,40,20,30.23,80.46,7.42,61.84,mungbean
108,47,20,22.07,76.48,6.26,87.35,cotton
17,14,13,33.42,94.02,6.64,112.7,orange
24,17,34,32.12,48.64,6.63,90.15,mango
61,37,42,20.5,79.78,6.69,182.79,rice
76,47,21,25.86,74.68,6.65,80.89,maize
25,71,17,24.11,63.92,6.69,100.49,pigeonpeas
17,27,28,28.28,47.14,5.66,98.66,mango
47,67,81,20.48,18.56,6.06,92.93,chickpea
100,20,26,23.86,69.69,6.7,193.37,coffee
30,10,6,23.64,94.29,7.02,105.92,orange
20,26,29,29.08,46.36,5.8,86.11,mango
14,136,197,14.86,80.68,6.01,66.27,grapes
64,40,35,22.28,80.83,5.54,279.45,rice
89,92,45,26.01,84.59,6.11,95.23,banana
95,54,37,25.78,82.05,6.28,163.66,jute
88,87,49,27.08,79.69,5.87,92.01,banana
21,67,24,20,60.58,5.73,162.07,pigeonpeas
18,8,12,13.18,90.52,7.07,104.18,orange
51,77,85,20.15,16.52,7.38,78.13,chickpea
89,13,50,25.61,85.65,6.95,53.53,watermelon
11,69,21,22.57,62.56,6.23,52.66,lentil
63,47,45,26.08,89.24,7.17,193.74,jute
13,63,17,20.61,62.55,6.48,46.11,lentil
28,117,197,21.94,90.43,6.34,114.36,apple
111,32,34,27.7,61.6,6.36,169.93,coffee
28,54,20,28.13,86.67,6.12,53.84,mungbean
39,68,15,15.31,20.72,5.66,61.17,kidneybeans
88,38,42,24.12,70.58,6.62,171.68,jute
65,53,55,26.31,92.58,6.9,130.85,papaya
52,71,76,18.35,21.42,6.45,76.17,chickpea
28,17,8,23.63,91.12,6.67,109.68,orange
98,8,48,24.13,86.34,6.25,44.56,watermelon
107,16,50,29.68,94.68,6.81,26.36,muskmelon
95,48,24,25.19,74.96,6.03,98.36,maize
111,42,17,24.84,75.85,6.98,87.74,cotton
24,64,19,19.31,44.78,5.89,169.5,pigeonpeas
128,60,19,24.5,84.63,7.16,78.54,cotton
28,21,26,25.68,91.56,6.45,203.54,coconut
15,47,21,29.85,82.1,7.11,45.5,mungbean
27,60,24,20.47,67.23,6.14,53.59,lentil
90,24,35,24.87,65.22,6.68,189.67,coffee
23,38,21,31.51,56.54,4,45.64,mothbeans
89,37,40,26.31,79.02,6.22,199.25,jute
105,40,17,24.23,82.87,6.13,63.39,cotton
21,5,37,23.46,87.01,5.62,102.12,pomegranate
26,71,17,18.27,60.57,6.37,173.85,pigeonpeas
15,6,33,29.32,95.96,6.36,211.31,coconut
39,66,51,43.18,93.35,6.59,139.49,papaya
86,40,38,23.53,77.66,6.31,182.2,jute
16,29,26,28.72,49.07,6.91,92.55,mango
97,59,24,22.27,72.24,6.77,75.96,maize
74,53,40,24.88,80.23,6.95,183,jute
125,56,20,23.51,84.22,5.57,94.25,cotton
85,19,53,24.54,84.07,6.36,51.87,watermelon
31,74,20,18.23,30.36,5.57,191.88,pigeonpeas
84,35,26,25.98,56.85,6.34,181.97,coffee
27,13,42,19.63,93.64,5.96,105.41,pomegranate
111,23,31,26.58,67.78,7.25,180.42,coffee
13,41,18,31.04,88.75,6.45,62.17,mungbean
66,60,53,28.22,93.39,6.95,121,papaya
106,17,53,25.48,82.05,6.74,50.5,watermelon
29,69,22,31.34,36.87,6,135.32,pigeonpeas
95,12,45,26.91,87.16,6.32,44.78,watermelon
62,49,22,25.84,69.28,6.7,76.97,maize
26,24,31,29.21,46.09,6.69,86.98,mango
23,123,196,14.59,81.43,5.77,73.61,grapes
40,46,19,29,81.15,7.32,53.3,mungbean
82,57,22,25.26,68.18,6.54,102.46,maize
42,65,24,27.04,68.26,7.06,60.82,blackgram
21,121,197,23.11,91.14,6.03,109.03,apple
120,59,22,24.92,75.46,6.6,78.68,cotton
15,14,45,21.52,85.83,6.43,100.1,pomegranate
84,39,19,26.72,60.16,6.49,76.26,maize
23,20,10,30.44,92.54,6.74,118.61,orange
14,58,25,18.15,68.03,7.08,44.46,lentil
22,27,35,28.38,95.49,5.51,134,coconut
49,80,84,19.57,17.37,7.27,88.57,chickpea
39,59,84,20.4,19.35,6.92,77.35,chickpea
42,72,20,34.9,66.11,6.87,71.58,blackgram
36,78,24,36.24,50.86,7.43,173.3,pigeonpeas
68,40,15,22.25,66.3,5.6,98.78,maize
34,135,192,19.81,82.21,6.44,66.42,grapes
41,78,75,17.49,17.62,7.87,74.48,chickpea
112,14,53,28,94.16,6.27,25.46,muskmelon
15,60,22,20.24,65.06,5.83,54.4,lentil
32,58,82,17.25,18.08,7.99,89.42,chickpea
92,20,48,27.61,92.21,6.06,29.78,muskmelon
45,52,46,25.4,91.74,6.88,167.67,papaya
13,6,5,25.72,93.15,7.48,107.96,orange
33,63,16,28.67,60.99,7.27,74.49,blackgram
60,70,46,24.04,93.47,6.92,217.73,papaya
97,23,29,26.01,70,6.74,160.42,coffee
18,33,32,34.5,47.5,6.41,96.7,mango
20,10,9,33.22,94.55,7.07,117.69,orange
92,19,54,28.67,91.62,6.29,20.33,muskmelon
30,68,20,20.95,18.07,5.96,108.17,kidneybeans
22,117,191,18.04,83,5.92,69.32,grapes
46,62,47,31.81,90.94,6.5,243.71,papaya
21,69,21,18.12,69.6,5.59,42.15,lentil
31,116,202,23.34,92,5.95,117.03,apple
21,55,21,28.31,86.95,6.85,60.92,mungbean
95,50,42,20.14,89.55,6.66,205.48,rice
20,52,15,30.45,83.16,6.08,57.2,mungbean
10,11,15,12.52,92.12,6.46,118.1,orange
35,137,193,10.47,81.58,6.48,67.57,grapes
74,54,45,24.49,86.59,6.29,190.36,jute
29,142,200,23.78,91.07,5.57,117.83,apple
29,25,28,29.91,97.09,5.59,133.52,coconut
22,16,34,31.77,51.69,6.75,88.01,mango
117,32,30,23.46,65.81,6.11,153.43,coffee
18,16,10,27.6,91.3,7.41,110.6,orange
100,42,16,22.41,75.77,6.69,67.57,cotton
19,56,16,30.53,87.42,7.02,50.05,mungbean
16,49,18,29.09,83.77,7.31,63.11,mungbean
24,138,194,16.17,84.96,6.19,73.41,grapes
22,74,20,15.97,19.69,5.51,83.44,kidneybeans
23,50,16,27.44,81.72,6.78,49.28,mungbean
103,6,54,27.42,91.12,6.56,27.64,muskmelon
113,12,46,29.36,91.88,6.1,26.34,muskmelon
50,67,17,34.67,67.15,7.46,66.41,blackgram
23,132,195,20.25,83.22,5.83,72.55,grapes
37,63,50,41.92,91.56,6.79,145.16,papaya
23,17,42,20.98,88.34,5.97,106.61,pomegranate
118,13,52,25.23,83.55,6.41,46.14,watermelon
111,8,46,29.03,92.8,6.79,27.39,muskmelon
83,13,48,27.46,94.25,6.52,29.33,muskmelon
112,7,52,28.31,91.47,6.05,24.87,muskmelon
98,37,44,24.22,80,6.63,158.59,jute
40,118,201,22.51,92.69,6.16,102.32,apple
26,12,12,16.74,90.5,6.53,108.06,orange
91,7,46,24.87,86.14,6.8,53.49,watermelon
83,34,26,27.41,56.08,6.98,174.38,coffee
99,36,28,24.33,69.7,7.37,151.45,coffee
28,15,8,23.59,94.2,7.33,103.21,orange
118,75,54,28.52,79.54,6.04,106.99,banana
21,72,22,33.36,69.74,7.48,60.98,blackgram
16,137,204,23.18,92.92,6.17,119.8,apple
13,11,30,26.17,95.89,6.88,204.81,coconut
61,58,53,32.18,90.62,6.78,239.98,papaya
30,37,28,32.29,53.47,6.16,85.36,mango
113,82,50,26.52,76.82,5.59,104.28,banana
22,43,15,30.61,60.02,4.18,52.31,mothbeans
10,6,7,12.86,92.67,7.29,114.74,orange
48,69,51,30.23,93.13,6.96,97.54,papaya
107,44,23,24.63,80.81,6.56,93.74,cotton
66,41,37,21.31,79.28,5.35,287.61,rice
118,73,53,26.32,84.34,6.22,105.08,banana
37,37,19,24.8,40.41,7.8,53.07,mothbeans
13,66,17,22.9,67.59,5.71,47.59,lentil
115,18,54,28.63,93.23,6.55,20.51,muskmelon
14,19,32,27.66,94.34,6.08,214.17,coconut
88,80,50,26.77,78.21,6.46,102.83,banana
47,66,84,17.71,19.54,7.68,93.34,chickpea
32,76,21,16.47,23.68,6.14,79.41,kidneybeans
18,74,18,21.95,62.05,6.98,40.78,lentil
24,61,23,24.81,23.55,6.35,72.1,kidneybeans
102,22,33,26.36,69.41,6.38,174.29,coffee
85,89,54,29.74,78.69,5.64,100.37,banana
110,13,51,28.51,92.46,6.17,22.79,muskmelon
33,6,43,20.99,90.96,5.63,100.06,pomegranate
32,133,203,21.92,94.35,5.86,118.53,apple
29,6,32,29.79,98.62,5.75,162.68,coconut
21,57,23,22.08,61.87,5.88,42.76,lentil
55,58,53,43.62,92.06,6.88,60.95,papaya
36,58,16,27.08,41.78,4.87,41.88,mothbeans
36,73,17,28.67,63.91,7.48,74.32,blackgram
23,29,33,27.13,96.45,5.77,186.05,coconut
27,59,75,19.95,19.31,6.95,90.33,chickpea
70,45,43,24.97,87.78,6.52,168.47,jute
39,48,51,30.24,90.17,6.77,121.45,papaya
39,70,19,19.58,19.46,5.87,78.49,kidneybeans
36,80,23,25.47,53.63,6.48,98.63,pigeonpeas
15,9,11,19.95,93.37,6.08,102.48,orange
31,79,16,18.66,19.58,5.7,67.04,kidneybeans
25,143,199,22.16,92.23,6.06,109.41,apple
24,17,29,35.67,50.39,5.93,87.41,mango
95,11,49,29.4,92.62,6.57,28.53,muskmelon
85,46,36,24.96,86.27,6.15,153.48,jute
29,15,30,30,49.49,6.36,93.71,mango
113,11,46,24.18,80.51,6.38,45.06,watermelon
75,37,43,23.91,81.36,6.81,193.34,rice
97,44,42,24.77,83.1,6.51,166.13,jute
12,20,33,27.2,53.17,5.52,98.14,mango
40,71,23,31.59,53.73,4.66,140.02,pigeonpeas
21,75,19,23.22,23.95,5.71,92.87,kidneybeans
58,57,17,34.61,65.38,6.51,63.86,blackgram
55,68,20,26.07,66.5,7.37,72.42,blackgram
89,83,53,28.51,82.89,5.85,98.09,banana
20,67,21,24.62,65.8,6.58,40.75,lentil
23,60,19,17.95,21.4,6.08,62.19,kidneybeans
96,75,50,29.54,83.04,5.57,103.85,banana
28,133,192,10.1,84.9,5.89,67.27,grapes
31,64,19,33.74,61.57,5.42,190.52,pigeonpeas
15,77,16,22.6,69.07,5.84,54.52,lentil
14,18,39,22.62,89.71,5.8,104.03,pomegranate
110,50,20,25.13,78.09,6.79,95.29,cotton
52,70,84,17.82,14.9,6.54,66.71,chickpea
76,44,18,24.51,64.92,5.62,71.01,maize
35,145,198,22.4,94.69,5.67,114.35,apple
27,78,18,28.72,67.6,6.84,74.28,blackgram
16,116,202,21.27,93.98,5.93,109.06,apple
26,16,35,28.17,52.96,6.09,94.84,mango
89,81,51,28.85,76.04,6.46,107.8,banana
23,136,203,22.93,94.95,5.77,117.5,apple
107,49,25,23.16,82.94,6.48,61.59,cotton
86,39,44,26.68,88.72,5.74,181.85,rice
43,80,17,31.81,67.16,7.11,61.33,blackgram
100,19,50,28.46,92.89,6.69,21.07,muskmelon
86,16,50,26.35,87.46,6.6,50.3,watermelon
87,16,31,25.72,54.1,7.04,187.06,coffee
94,10,50,25,81.07,6.15,40.5,watermelon
94,54,37,26.07,70.25,6.33,153.26,jute
39,70,83,17.7,18.02,6.8,69.39,chickpea
62,49,36,26.98,87.95,6.03,192.93,jute
35,40,16,31.82,81.08,6.72,56.71,mungbean
16,125,197,13.62,83.77,5.83,66.38,grapes
97,59,38,23.85,71.61,6.84,150.68,jute
37,50,23,29.15,87.5,7.37,56.44,mungbean
39,129,202,21.48,90.92,5.94,103.31,apple
21,143,192,19.42,80.02,6.42,66.13,grapes
10,13,27,29.86,97.27,6.02,139.28,coconut
19,49,19,25.28,44.27,6.22,57.72,mothbeans
69,59,18,19.64,70.79,6.49,84.91,maize
25,30,28,27.06,91.66,5.81,199.34,coconut
34,8,37,22.73,89.05,6.9,96.34,pomegranate
66,38,36,23.46,74.81,6.46,198.08,jute
80,74,51,28.57,84.17,6.21,103.44,banana
36,74,20,19.26,60.66,6.25,176.02,pigeonpeas
44,72,19,32.01,64.11,7,60.11,blackgram
80,36,38,26.36,78.59,5.29,238.73,rice
34,61,16,21.14,30.08,6.66,170.56,pigeonpeas
11,28,35,33.24,45.71,5.78,100.43,mango
10,11,39,21.8,85.73,6.69,98.27,pomegranate
32,115,199,23.57,81.44,5.69,71.52,grapes
20,134,204,22.99,94.34,6.04,115.04,apple
20,71,20,29.46,69.67,7.07,72.95,blackgram
27,8,10,13.31,91.98,6.27,107.27,orange
84,42,21,21.68,66.04,6.15,74.72,maize
120,16,29,25.26,56.01,6.86,157.5,coffee
120,12,47,28.54,94.07,6.78,27.89,muskmelon
30,77,20,22.02,24.95,5.63,73.74,kidneybeans
31,120,194,21.78,84.74,5.64,69.98,grapes
28,55,23,19.31,48.97,6.18,159.13,pigeonpeas
101,15,32,25.12,60.22,6.32,177.59,coffee
13,15,7,31.44,90.29,6.32,119.97,orange
91,86,52,29.35,78.42,6.27,101.23,banana
28,25,30,27.44,45.02,5.87,98.61,mango
17,121,204,22.5,83.87,5.89,70.04,grapes
18,76,24,18.69,60.91,6.03,53.12,lentil
